"Rank","Title","Rating","Appraise","Director","Actor","Type","Area","Sales","Date","Publish"
1,"战狼2",7.4,391814,"吴京","吴京/弗兰克・格里罗/吴刚","动作","中国大陆",567432,2017-07-27,"国产"
2,"美人鱼",6.8,398115,"周星驰","邓超/罗志祥/张雨绮","喜剧/爱情/奇幻","中国大陆/香港",339323,2016-02-08,"国产"
3,"速度与激情8 The Fate of the Furious",7.1,180975,"F・加里・格雷","范・迪塞尔/道恩・强森/查理兹・塞隆","动作/犯罪","美国",266870,2017-04-14,"进口分账"
4,"捉妖记",6.8,254044,"许诚毅","白百何/井柏然/姜武","喜剧/奇幻/古装","中国大陆/香港",243817,2015-07-16,"国产"
5,"速度与激情7 Furious 7",8.3,256544,"温子仁","范・迪塞尔/保罗・沃克/杰森・斯坦森","动作/犯罪/惊悚","美国/中国大陆/日本",241600,2015-04-12,"进口分账"
6,"变形金刚4：绝迹重生 Transformers: Age of Extinction",6.5,192956,"迈克尔・贝","马克・沃尔伯格/斯坦利・图齐/凯尔希・格兰莫","动作/科幻","美国/中国大陆",197630,2014-06-27,"进口分账"
7,"功夫瑜伽",5,98356,"唐季礼","成龙/李治廷/张艺兴","喜剧/动作/冒险","中国大陆/印度",175259,2017-01-28,"国产"
8,"寻龙诀",7.5,332907,"乌尔善","陈坤/黄渤/舒淇","剧情/动作/奇幻/冒险","中国大陆/香港",168036,2015-12-18,"国产"
9,"西游伏妖篇",5.6,221556,"徐克","吴亦凡/林更新/姚晨","喜剧/动作/奇幻/古装","中国大陆/香港",165678,2017-01-28,"国产"
10,"港",5.6,211160,"徐峥","徐峥/赵薇/包贝尔","喜剧","中国大陆",161183,2015-09-25,"国产"
11,"变形金刚5：最后的骑士 Transformers: The Last Knight",4.8,120102,"迈克尔・贝","马克・沃尔伯格/伊莎贝拉・莫奈/劳拉・哈德克","动作/科幻","美国",154562,2017-06-23,"进口分账"
12,"疯狂动物城 Zootopia",9.2,497087,"拜伦・霍华德/瑞奇・摩尔/杰拉德・布什","金妮弗・古德温/杰森・贝特曼/伊德里斯・艾尔巴","喜剧/动画/冒险","美国",153061,2016-03-04,"进口分账"
13,"魔兽 Warcraft",7.7,180976,"邓肯・琼斯","崔维斯・费米尔/托比・凯贝尔/宝拉・巴顿","动作/奇幻/冒险","美国/中国大陆/加拿大/日本",147194,2016-06-08,"进口分账"
14,"羞羞的铁拳",7.3,174298,"宋阳/张吃鱼","艾伦/马丽/沈腾","喜剧/奇幻","中国大陆",146416,2017-09-30,"国产"
15,"夏洛特烦恼",7.4,353279,"闫非/彭大魔","沈腾/马丽/尹正","喜剧/爱情","中国大陆",144905,2015-09-30,"国产"
16,"复仇者联盟2：奥创纪元 Avengers: Age of Ultron",7.1,205581,"乔斯・韦登","小罗伯特・唐尼/克里斯・海姆斯沃斯/马克・鲁弗洛","动作/科幻/奇幻/冒险","美国",142970,2015-05-12,"进口分账"
17,"阿凡达 Avatar",8.6,522863,"詹姆斯・卡梅隆","萨姆・沃辛顿/佐伊・索尔达娜/西格妮・韦弗","动作/冒险/奇幻/科幻","美国/英国",138249,2010-01-04,"进口分账"
18,"侏罗纪世界 Jurassic World",7.6,202109,"科林・特雷沃罗","克里斯・普拉特/布莱丝・达拉斯・霍华德/文森特・多诺费奥","动作/科幻/冒险","美国/中国大陆",138089,2015-06-10,"进口分账"
19,"摔跤吧！爸爸 Dangal",9.1,401513,"涅提・蒂瓦里","阿米尔・汗/法缇玛・萨那・纱卡/桑亚・玛荷塔","剧情/传记/运动","印度",129657,2017-05-05,"进口"
20,"人再逋局泰",7.4,426869,"徐峥","徐峥/王宝强/黄渤","喜剧","中国大陆",126739,2012-12-12,"国产"
21,"西游降魔篇",7.1,348545,"周星驰/郭子健","文章/舒淇/黄渤","喜剧/奇幻/冒险","中国大陆/香港",124644,2013-02-10,"国产"
22,"美国队长3 Captain America: Civil War",7.7,214205,"安东尼・罗素/乔・罗素","克里斯・埃文斯/小罗伯特・唐尼/斯嘉丽・约翰逊","动作/科幻/冒险","美国",124620,2016-05-06,"进口分账"
23,"西游记之孙悟空三打白骨精",5.6,95709,"郑保瑞","郭富城/巩俐/冯绍峰","喜剧/动作/奇幻","中国大陆/香港",120180,2016-02-08,"国产"
24,"湄公河行动",8,345584,"林超贤","张涵予/彭于晏/孙淳","动作/犯罪","中国大陆/香港",118521,2016-09-30,"国产"
25,"加勒比海盗5：死无对证 Pirates of the Caribbean: Dead Men Tell No Tales",7.3,163393,"艾斯彭・山德伯格/乔阿吉姆・罗恩尼","约翰尼・德普/哈维尔・巴登/杰弗里・拉什","动作/奇幻/冒险","美国",117824,2017-05-26,"进口分账"
26,"长城 The Great Wall",4.9,229480,"张艺谋","马特・达蒙/景甜/佩德罗・帕斯卡","剧情/动作/奇幻/冒险","中国大陆/美国",117452,2016-12-16,"国产"
27,"心花路放",7,247553,"宁浩","黄渤/徐峥/袁泉","喜剧/爱情","中国大陆",117020,2014-09-30,"国产"
28,"煎饼侠",6,206567,"大鹏","大鹏/袁姗姗/柳岩","喜剧","中国大陆",115954,2015-07-17,"国产"
29,"金刚：骷髅岛 Kong: Skull Island",6.6,121384,"乔丹・沃格特-罗伯茨","汤姆・希德勒斯顿/布丽・拉尔森/塞缪尔・杰克逊","动作/奇幻/冒险","美国/中国大陆/澳大利亚/加拿大",114974,2017-03-24,"进口分账"
30,"极限特工3：终极回归 xXx: Return of Xander Cage",5.6,72294,"D・J・卡卢索","范・迪塞尔/甄子丹/迪皮卡・帕度柯妮","动作/冒险","美国",112793,2017-01-20,"进口分账"
31,"澳门风云3 城LIII",3.9,67434,"王晶/刘伟强","周润发/刘德华/张家辉","喜剧/动作","香港/中国大陆",111880,2016-02-08,"国产"
32,"生化危机：终章 Resident Evil: The Final Chapter",6.6,130779,"保罗・安德森","米拉・乔沃维奇/伊恩・格雷/艾丽・拉特","动作/科幻/恐怖","美国",111236,2017-02-24,"进口"
33,"变形金刚3 Transformers: Dark of the Moon",7,207715,"迈克尔・贝","希亚・拉博夫/罗茜・汉丁顿-惠特莉/乔什・杜哈明","动作/科幻","美国",108080,2011-07-21,"进口分账"
34,"乘风破浪",6.8,286272,"韩寒","邓超/彭于晏/赵丽颖","剧情/喜剧","中国大陆",104914,2017-01-28,"国产"
35,"神偷奶爸3 Despicable Me 3",6.9,107683,"凯尔・巴尔达/皮埃尔・柯芬/埃里克・吉伦","史蒂夫・卡瑞尔/克里斯汀・韦格/崔・帕克","喜剧/动画/冒险","美国",103781,2017-07-07,"进口分账"
36,"盗墓笔记",4.7,126067,"李仁港","井柏然/鹿晗/马思纯","悬疑/奇幻/冒险","中国大陆",100426,2016-08-04,"国产"
37,"功夫熊猫3 Kung Fu Panda 3",7.7,172479,"吕寅荣/亚历山德罗・卡罗尼","杰克・布莱克/安吉丽娜・朱莉/达斯汀・霍夫曼","喜剧/动作/动画/冒险","美国/中国大陆",100262,2016-01-29,"国产"
38,"西游记之大闹天宫",4.1,103369,"郑保瑞","甄子丹/周润发/郭富城","动作/奇幻","中国大陆/香港",104467,2014-01-31,"国产"
39,"奇幻森林 The Jungle Book",7.8,152615,"乔恩・费儒","尼尔・塞西/比尔・默瑞/本・金斯利","剧情/奇幻/冒险","美国",97907,2016-04-15,"进口分账"
40,"澳门风云2 城LII",5.6,88378,"王晶/张敏","周润发/张家辉/刘嘉玲","喜剧/动作","香港/中国大陆",97412,2015-02-19,"国产"
41,"西游记之大圣归来",8.2,370410,"田晓鹏","张磊/林子杰/吴文伦","喜剧/动作/动画/奇幻","中国大陆",95525,2015-07-10,"国产"
42,"泰坦尼克号 3D版 Titanic 3D",9.4,164243,"詹姆斯・卡梅隆","莱昂纳多・迪卡普里奥/凯特・温丝莱特/比利・赞恩","剧情/爱情/灾难","美国",94758,2012-04-10,"进口分账"
43,"老炮儿",7.9,396081,"管虎","冯小刚/许晴/张涵予","剧情/犯罪","中国大陆",90131,2015-12-24,"国产"
44,"智取威虎山",7.7,208481,"徐克","张涵予/梁家辉/林更新","动作/战争/冒险","中国大陆/香港",89983,2014-12-23,"国产"
45,"绝地逃亡 Skiptrace",5.5,57113,"雷尼・哈林","成龙/范冰冰/约翰尼・诺克斯维尔","喜剧/动作","中国大陆/美国/香港",88873,2016-07-21,"国产"
46,"十二生肖",6.7,182871,"成龙","成龙/权相宇/廖凡","喜剧/动作/冒险","中国大陆/香港",88110,2012-12-20,"国产"
47,"碟中谍5：神秘国度 Mission: Impossible - Rogue Nation",7.7,173402,"克里斯托弗・麦奎里","汤姆・克鲁斯/杰瑞米・雷纳/西蒙・佩吉","动作/惊悚/冒险","美国/香港/中国大陆",85557,2015-09-08,"进口分账"
48,"星球大战7：原力觉醒 Star Wars: The Force Awakens",7.1,134002,"J・J・艾布拉姆斯","黛西・雷德利/约翰・博耶加/哈里森・福特","动作/科幻/冒险","美国",82551,2016-01-09,"进口分账"
49,"唐人街探案",7.4,238554,"陈思诚","王宝强/刘昊然/佟丽娅","喜剧/动作/悬疑","中国大陆",82221,2015-12-31,"国产"
50,"从你的全世界路过",5.3,159141,"张一白","邓超/白百何/杨洋","喜剧/爱情","中国大陆",81258,2016-09-29,"国产"
51,"X战警：天启 X-Men: Apocalypse",7.8,191270,"布莱恩・辛格","詹姆斯・麦卡沃伊/迈克尔・法斯宾德/詹妮弗・劳伦斯","动作/科幻/奇幻/冒险","美国",80268,2016-06-03,"进口分账"
52,"北京遇上西雅图之不二情书",6.5,150109,"薛晓路","汤唯/吴秀波/惠英红","喜剧/爱情","中国大陆/香港",78578,2016-04-29,"国产"
53,"蜘蛛侠：英雄归来 Spider-Man: Homecoming",7.4,136200,"乔・沃茨","汤姆・霍兰德/小罗伯特・唐尼/玛丽莎・托梅","动作/科幻/冒险","美国",77413,2017-09-08,"进口分账"
54,"叶问3",6.3,72016,"叶伟信","甄子丹/迈克・泰森/张晋","剧情/传记/动作/历史","中国大陆/香港",77117,2016-03-04,"国产"
55,"霍比特人3：五军之战 The Hobbit: The Battle of the Five Armies",8.2,191700,"彼得・杰克逊","马丁・弗瑞曼/伊恩・麦克莱恩/理查德・阿米蒂奇","动作/奇幻/冒险","美国/新西兰",76681,2015-01-23,"进口特种"
56,"大闹天竺",3.8,62410,"王宝强","王宝强/白客/岳云鹏","喜剧/动作/冒险","中国大陆",75853,2017-01-28,"国产"
57,"钢铁侠3 Iron Man 3",7.5,204652,"沙恩・布莱克","小罗伯特・唐尼/盖・皮尔斯/格温妮斯・帕特洛","动作/科幻","美国/中国大陆",75540,2013-05-01,"进口"
58,"星际穿越 Interstellar",9.1,493661,"克里斯托弗・诺兰","马修・麦康纳/安妮・海瑟薇/杰西卡・查斯坦","剧情/科幻/冒险","美国/英国/加拿大/冰岛",75512,2014-11-12,"进口分账"
59,"奇异博士 Doctor Strange",7.7,239537,"斯科特・德瑞克森","本尼迪克特・康伯巴奇/蒂尔达・斯文顿/麦斯・米科尔森","动作/科幻/奇幻/冒险","美国",75152,2016-11-04,"进口分账"
60,"天将雄师",5.9,69225,"李仁港","成龙/约翰・库萨克/艾德里安・布洛迪","动作/战争/古装","中国大陆/香港",74355,2015-02-19,"国产"
61,"猩球崛起3：终极之战 War for the Planet of the Apes",7,85701,"马特・里夫斯","安迪・瑟金斯/伍迪・哈里森/史蒂夫・茨恩","剧情/动作/科幻","美国",73729,2017-09-15,"进口分账"
62,"金刚狼3：殊死一战 Logan",8.3,213623,"詹姆斯・曼高德","休・杰克曼/帕特里克・斯图尔特/达芙妮・基恩","剧情/动作/科幻","美国",73141,2017-03-03,"进口分账"
63,"X战警：逆转未来 X-Men: Days of Future Past",8.2,247933,"布莱恩・辛格","休・杰克曼/詹姆斯・麦卡沃伊/迈克尔・法斯宾德","动作/科幻/冒险","美国/英国",72468,2014-05-23,"进口分账"
64,"美国队长2 Captain America: The Winter Soldier",7.9,210771,"安东尼・罗素/乔・罗素","克里斯・埃文斯/斯嘉丽・约翰逊/塞巴斯蒂安・斯坦","动作/科幻/冒险","美国",72165,2014-04-04,"进口分账"
65,"致我们终将逝去的青春",6.6,329433,"赵薇","杨子姗/赵又廷/韩庚","剧情/爱情","中国大陆",71902,2013-04-26,"国产"
66,"私人订制",5.6,176130,"冯小刚","葛优/白百何/李小璐","喜剧","中国大陆",71680,2013-12-18,"国产"
67,"终结者：创世纪 Terminator Genisys",6.9,89334,"阿兰・泰勒","阿诺・施瓦辛格/杰森・克拉科/艾米莉亚・克拉克","动作/科幻/冒险","美国",70928,2015-08-23,"进口分账"
68,"猩球崛起2：黎明之战 Dawn of the Planet of the Apes",7.5,159316,"马特・里夫斯","安迪・瑟金斯/杰森・克拉科/加里・奥德曼","剧情/动作/科幻","美国",70558,2014-08-29,"进口分账"
69,"画皮2 皮Ⅱ",5.9,161277,"乌尔善","周迅/赵薇/陈坤","动作/爱情/奇幻/惊悚","中国大陆/香港",70316,2012-06-28,"国产"
70,"狼图腾",6.9,145100,"让-雅克・阿诺","冯绍峰/窦骁/昂哈妮玛","剧情/冒险","中国大陆/法国",69942,2015-02-19,"国产"
71,"铁道飞虎",5.2,60138,"丁晟","成龙/黄子韬/王凯","喜剧/动作","中国大陆",69906,2016-12-23,"国产"
72,"悟空传",5.1,116074,"郭子健","彭于晏/倪妮/余文乐","剧情/动作/奇幻","中国大陆",69654,2017-07-13,"国产"
73,"爸爸去哪儿",6.1,71694,"谢涤葵/林妍","林志颖/小小志/王岳伦","儿童/喜剧/家庭","中国大陆",69590,2014-01-31,"国产"
74,"环太平洋 Pacific Rim",7.6,250398,"吉尔莫・德尔・托罗","查理・汉纳姆/菊地凛子/伊德里斯・艾尔巴","动作/科幻/冒险/灾难","美国",69583,2013-07-31,"进口分账"
75,"银河护卫队2 Guardians of the Galaxy Vol. 2",8.1,181846,"詹姆斯・古恩","克里斯・普拉特/佐伊・索尔达娜/戴夫・巴蒂斯塔","动作/科幻/冒险","美国",68522,2017-05-05,"进口分账"
76,"九层妖塔",4.2,120679,"陆川","赵又廷/姚晨/凤小岳","动作/惊悚/冒险","中国大陆",68152,2015-09-30,"国产"
77,"寒战2 寒II",6.9,142253,"梁乐民/陆剑青","郭富城/梁家辉/杨采妮","剧情/动作/犯罪","中国大陆/香港",67866,2016-07-08,"国产"
78,"碟中谍4 Mission: Impossible - Ghost Protocol",8.2,254324,"布拉德・伯德","汤姆・克鲁斯/杰瑞米・雷纳/西蒙・佩吉","动作/犯罪/惊悚/冒险","美国",67471,2012-01-28,"进口分账"
79,"唐山大地震",7.4,204400,"冯小刚","徐帆/张静初/李晨","剧情/历史/灾难","中国大陆/香港",67332,2010-07-22,"国产"
80,"分手大师",5,176391,"俞白眉/邓超","邓超/杨幂/古力娜扎","喜剧/爱情","中国大陆",66666,2014-06-26,"国产"
81,"蚁人 Ant-Man",7.6,186937,"佩顿・里德","保罗・路德/迈克尔・道格拉斯/伊万杰琳・莉莉","动作/科幻/冒险","美国",65970,2015-10-16,"进口分账"
82,"让子弹飞",8.7,619374,"姜文","姜文/葛优/周润发","剧情/喜剧/动作/西部","中国大陆/香港",65928,2010-12-16,"国产"
83,"情圣",6.1,77436,"宋晓飞/董旭","肖央/闫妮/小沈阳","喜剧","中国大陆",65861,2016-12-29,"国产"
84,"恶棍天使",4,86613,"俞白眉/邓超","邓超/孙俪/代乐乐","喜剧","中国大陆",64892,2015-12-24,"国产"
85,"惊天魔盗团2 Now You See Me 2",6.5,129528,"朱浩伟","杰西・艾森伯格/马克・鲁弗洛/伍迪・哈里森","动作/冒险","美国",63760,2016-06-24,"进口"
86,"后会无期",7.1,376927,"韩寒","冯绍峰/陈柏霖/钟汉良","剧情","中国大陆",62982,2014-07-24,"国产"
87,"新木乃伊 The Mummy",4.7,72477,"艾里克斯・库兹曼","汤姆・克鲁斯/罗素・克劳/安娜贝拉・沃丽丝","动作/奇幻/冒险","美国",62234,2017-06-09,"进口分账"
88,"蝙蝠侠大战超人：正义黎明 Batman v Superman: Dawn of Justice",6.6,142863,"扎克・施奈德","本・阿弗莱克/亨利・卡维尔/艾米・亚当斯","动作/科幻/奇幻/冒险","美国",61908,2016-03-25,"进口分账"
89,"末日崩塌 San Andreas",7,90015,"布拉德・佩顿","道恩・强森/亚历珊德拉・达达里奥/卡拉・古奇诺","动作/冒险/灾难","美国/澳大利亚",61345,2015-06-02,"进口分账"
90,"功夫熊猫2 Kung Fu Panda 2",8,262218,"吕寅荣","杰克・布莱克/安吉丽娜・朱莉/杨紫琼","喜剧/动作/动画/冒险","美国",61340,2011-05-28,"进口分账"
91,"金陵十三钗",8,306450,"张艺谋","克里斯蒂安・贝尔/倪妮/张歆怡","剧情/历史/战争","中国大陆/香港",60923,2011-12-15,"国产"
92,"神奇女侠 Wonder Woman",7.1,193243,"派蒂・杰金斯","盖尔・加朵/克里斯・派恩/康妮・尼尔森","动作/奇幻/冒险","美国",60773,2017-06-02,"进口分账"
93,"一条狗的使命 A Dog's Purpose",7.7,148122,"拉斯・霍尔斯道姆","乔什・加德/布丽特・罗伯森/丹尼斯・奎德","剧情/喜剧/家庭","美国",60704,2017-03-03,"进口"
94,"使徒行者",6.7,105298,"文伟鸿","张家辉/古天乐/吴镇宇","剧情/动作/犯罪","中国大陆/香港",60611,2016-08-11,"国产"
95,"狄仁杰之神都龙王",6.5,124175,"徐克","赵又廷/冯绍峰/林更新","动作/犯罪/悬疑/古装","中国大陆/香港",60273,2013-09-28,"国产"
96,"2012",7.7,280793,"罗兰・艾默里奇","约翰・库萨克/切瓦特・埃加福特/阿曼达・皮特","动作/科幻/冒险/灾难","美国/加拿大",60223,2012-11-20,"进口分账"
97,"银河护卫队 Guardians of the Galaxy",8,240784,"詹姆斯・古恩","克里斯・普拉特/佐伊・索尔达娜/布莱德利・库珀","动作/科幻/冒险","美国/英国",59297,2014-10-10,"进口分账"
98,"神奇动物在哪里 Fantastic Beasts and Where to Find Them",7.8,255190,"大卫・叶茨","埃迪・雷德梅恩/凯瑟琳・沃特斯顿/丹・福勒","剧情/奇幻/冒险","英国/美国",59170,2016-11-25,"进口分账"
99,"超凡蜘蛛侠2 The Amazing Spider-Man 2",7.2,127867,"马克・韦布","安德鲁・加菲尔德/艾玛・斯通/杰米・福克斯","动作/科幻/冒险","美国",59087,2014-05-04,"进口分账"
100,"美女与野兽 Beauty and the Beast",7.2,154176,"比尔・康顿","艾玛・沃森/丹・史蒂文斯/卢克・伊万斯","爱情/奇幻/歌舞","美国",59074,2017-03-17,"进口分账"
101,"火星救援 The Martian",8.4,296352,"雷德利・斯科特","马特・达蒙/杰西卡・查斯坦/克里斯汀・韦格","剧情/科幻/冒险","美国/英国",57815,2015-11-25,"进口分账"
102,"你的名字。 君の名は。",8.5,412464,"新海诚","神木隆之介/上白石萌音/长泽雅美","剧情/爱情/动画","日本",57666,2016-12-02,"进口"
103,"匆匆那年",5.3,143722,"张一白","彭于晏/倪妮/郑恺","爱情","中国大陆",57480,2014-12-05,"国产"
104,"少年派的奇幻漂流 Life of Pi",9,586467,"李安","苏拉・沙玛/拉菲・斯波/伊尔凡・可汗","剧情/奇幻/冒险","美国/台湾/英国/加拿大",57105,2012-11-22,"进口分账"
105,"复仇者联盟 The Avengers",8,313228,"乔斯・韦登","小罗伯特・唐尼/克里斯・埃文斯/斯嘉丽・约翰逊","动作/科幻/奇幻/冒险","美国",56792,2012-05-05,"进口分账"
106,"大鱼海棠",6.6,230026,"梁旋/张春","季冠霖/苏尚卿/许魏洲","剧情/动画/奇幻","中国大陆",56547,2016-07-08,"国产"
107,"杀破狼2 ⑵评2",7.3,96495,"郑保瑞","吴京/托尼・贾/张晋","剧情/动作/犯罪","香港/中国大陆",56013,2015-06-18,"国产"
108,"龙门飞甲",6.7,174030,"徐克","李连杰/周迅/陈坤","动作/武侠/古装","中国大陆/香港",55596,2011-12-15,"国产"
109,"战狼",6.8,124567,"吴京","吴京/余男/斯科特・阿金斯","动作/战争","中国大陆",54436,2015-04-02,"国产"
110,"中国合伙人",7.6,344037,"陈可辛","黄晓明/邓超/佟大为","剧情","中国大陆/香港",53922,2013-05-17,"国产"
111,"007：幽灵党 Spectre",6.2,114158,"萨姆・门德斯","丹尼尔・克雷格/克里斯托弗・沃尔兹/蕾雅・赛杜","动作/惊悚/冒险","英国/美国",53724,2015-11-13,"进口分账"
112,"警察故事2013",5.7,70710,"丁晟","成龙/刘烨/景甜","剧情/动作/犯罪","中国大陆/香港",53591,2013-12-24,"国产"
113,"三生三世十里桃花",4,122955,"赵小丁/安东尼・拉默里纳拉","刘亦菲/杨洋/罗晋","爱情/奇幻","中国大陆",53454,2017-08-03,"国产"
114,"哆啦A梦：伴我同行 STAND BY ME ドラえもん",7.9,151477,"八木龙一/山崎贵","水田山葵/大原惠美/嘉数由美","剧情/动画","日本",53411,2015-05-28,"进口"
115,"超能陆战队 Big Hero 6",8.6,354833,"唐・霍尔/克里斯・威廉姆斯","斯科特・安第斯/瑞恩・波特/丹尼尔・海尼","喜剧/动作/科幻/动画/冒险","美国",52668,2015-02-28,"进口分账"
116,"澳门风云 城L",5.6,92711,"王晶/钟少雄","周润发/谢霆锋/杜汶泽","喜剧/动作","中国大陆/香港",52496,2014-01-31,"国产"
117,"熊出没・奇幻空间",6.4,8478,"林永长/林汇达/丁亮","尚雯婕/鲍春来/孙建弘","儿童/动画","中国大陆",52249,2017-01-28,"国产"
118,"小时代3：刺金时代",4.3,128807,"郭敬明","杨幂/柯震东/郭采洁","剧情/喜剧/爱情","中国大陆/台湾",52245,2014-07-17,"国产"
119,"杀破狼・贪狼 ⑵评<U+2027>狼",7.4,49430,"叶伟信","古天乐/吴樾/托尼・贾","剧情/动作","香港/中国大陆",52157,2017-08-17,"国产"
120,"北京遇上西雅图",7.4,363907,"薛晓路","汤唯/吴秀波/海清","喜剧/爱情","中国大陆/香港",52000,2013-03-21,"国产"
121,"一步之遥",6.3,173635,"姜文","姜文/葛优/周韵","喜剧/爱情/冒险","中国大陆/美国/香港",51566,2014-12-18,"国产"
122,"愤怒的小鸟 Angry Birds",7,68410,"费格尔・雷利/克雷・卡提斯","杰森・苏戴奇斯/乔什・加德/丹尼・麦克布莱德","喜剧/动作/动画","芬兰/美国",51383,2016-05-20,"进口分账"
123,"滚蛋吧！肿瘤君",7.4,199371,"韩延","白百何/吴彦祖/李媛","喜剧/爱情","中国大陆",51072,2015-08-13,"国产"
124,"黑衣人3 Men in Black III",7.5,174585,"巴里・索南菲尔德","威尔・史密斯/汤米・李・琼斯/乔什・布洛林","动作/喜剧/科幻","美国",50415,2012-05-25,"进口分账"
125,"独立日2：卷土重来 Independence Day: Resurgence",5.6,76961,"罗兰・艾默里奇","利亚姆・海姆斯沃斯/杰夫・高布伦/比尔・普尔曼","动作/科幻/冒险/灾难","美国",50301,2016-06-24,"进口分账"
126,"小时代",4.7,242402,"郭敬明","杨幂/柯震东/郭采洁","剧情/喜剧/爱情","中国大陆/台湾",48814,2013-06-27,"国产"
127,"小时代4：灵魂尽头",4.6,87531,"郭敬明","杨幂/郭采洁/陈学冬","喜剧/爱情","中国大陆",48787,2015-07-09,"国产"
128,"左耳",5.4,119626,"苏有朋","陈都灵/欧豪/马思纯","爱情","中国大陆",48546,2015-04-24,"国产"
129,"王牌特工：特工学院 Kingsman: The Secret Service",8.4,324406,"马修・沃恩","塔伦・埃格顿/科林・费尔斯/塞缪尔・杰克逊","喜剧/动作/冒险","英国/美国",48477,2015-03-27,"进口分账"
130,"我不是潘金莲",6.7,150080,"冯小刚","范冰冰/郭涛/大鹏","剧情/喜剧","中国大陆",48345,2016-11-18,"国产"
131,"摆渡人",4,145144,"张嘉佳","梁朝伟/金城武/陈奕迅","喜剧/爱情","中国大陆/香港",48297,2016-12-23,"国产"
132,"哥斯拉 Godzilla",6.4,103545,"加里斯・爱德华斯","亚伦・泰勒-约翰逊/卡梅隆・CJ・亚当斯/渡边谦","动作/科幻/冒险/灾难","美国/日本",48130,2014-06-13,"进口分账"
133,"非诚勿扰2",6.5,226017,"冯小刚","葛优/舒淇/孙红雷","喜剧/爱情","中国大陆",47880,2010-12-22,"国产"
134,"星球大战外传：侠盗一号 Rogue One: A Star Wars Story",7.3,106584,"加里斯・爱德华斯","菲丽希缇・琼斯/迭戈・卢纳/甄子丹","动作/科幻/冒险","美国",47815,2017-01-06,"进口分账"
135,"加勒比海盗4：惊涛怪浪 Pirates of the Caribbean: On Stranger Tides",7.5,201384,"罗伯・马歇尔","约翰尼・德普/佩内洛佩・克鲁斯/杰弗里・拉什","动作/奇幻/冒险","美国",47367,2011-05-20,"进口分账"
136,"霍比特人2：史矛革之战 The Hobbit: The Desolation of Smaug",8.2,191133,"彼得・杰克逊","伊恩・麦克莱恩/马丁・弗瑞曼/理查德・阿米蒂奇","动作/奇幻/冒险","美国/新西兰",46343,2014-02-21,"进口分账"
137,"盗梦空间 Inception",9.2,776474,"克里斯托弗・诺兰","莱昂纳多・迪卡普里奥/约瑟夫・高登-莱维特/艾伦・佩吉","剧情/动作/科幻/悬疑/冒险","美国/英国",46030,2010-09-01,"进口分账"
138,"同桌的",5.8,155593,"郭帆","周冬雨/林更新/隋凯","剧情/爱情","中国大陆",45610,2014-04-25,"国产"
139,"变形金刚2 Transformers: Revenge of the Fallen",7.6,218164,"迈克尔・贝","希亚・拉博夫/梅根・福克斯/乔什・杜哈明","动作/科幻","美国",45119,2009-06-26,"进口分账"
140,"冰川时代4 Ice Age: Continental Drift",8,145193,"麦克・特米尔/史蒂夫・马蒂诺","阿兹・安萨里/乔・贝哈/克里斯托弗・坎贝尔","喜剧/动画/冒险","美国",44913,2012-07-27,"进口特种"
141,"敢死队3 The Expendables 3",6.6,72625,"帕特里克・休斯","西尔维斯特・史泰龙/杰森・斯坦森/阿诺・施瓦辛格","动作/惊悚/冒险","美国/法国",44755,2014-09-01,"进口"
142,"冰川时代5：星际碰撞 Ice Age: Collision Course",6.6,42592,"麦克・特米尔/加仑・T・楚","西蒙・佩吉/洁茜J/杰西・泰勒・弗格森","喜剧/动画/冒险","美国",44717,2016-08-23,"进口分账"
143,"谍影重重5 Jason Bourne",7.3,115441,"保罗・格林格拉斯","马特・达蒙/汤米・李・琼斯/艾丽西亚・维坎德","动作/悬疑/惊悚","美国",44703,2016-08-23,"进口分账"
144,"灰姑娘 Cinderella",6.7,117702,"肯尼思・布拉纳","莉莉・詹姆斯/理查德・麦登/凯特・布兰切特","爱情/奇幻/冒险","美国/英国",44558,2015-03-13,"进口分账"
145,"英伦对决 The Foreigner",7.3,46866,"马丁・坎贝尔","成龙/皮尔斯・布鲁斯南/刘涛","动作/惊悚","英国/中国大陆",44509,2017-09-30,"国产"
146,"奔跑吧！兄弟",3.3,34589,"胡笳/岑俊义","杨颖/王宝强/李晨","喜剧","中国大陆",44394,2015-01-30,"国产"
147,"星际迷航3：超越星辰 Star Trek Beyond",7.3,90659,"林诣彬","克里斯・派恩/扎克瑞・昆图/佐伊・索尔达娜","动作/科幻/冒险","美国",44092,2016-09-02,"进口分账"
148,"小黄人大眼萌 Minions",7.3,131613,"凯尔・巴尔达/皮埃尔・柯芬","桑德拉・布洛克/乔恩・哈姆/迈克尔・基顿","喜剧/动画","美国",43206,2015-09-13,"进口分账"
149,"地心引力 Gravity",7.8,243280,"阿方索・卡隆","桑德拉・布洛克/乔治・克鲁尼/艾德・哈里斯","剧情/科幻/冒险","美国/英国",42981,2013-11-19,"进口分账"
150,"血战钢锯岭 Hacksaw Ridge",8.7,291888,"梅尔・吉布森","安德鲁・加菲尔德/萨姆・沃辛顿/文斯・沃恩","剧情/传记/动作/历史/战争","美国/澳大利亚",42654,2016-12-08,"进口"
151,"建党伟业",NA,NA,"韩三平/黄建新","刘烨/冯远征/张嘉译","剧情/历史","中国大陆/香港",42297,2011-06-15,"国产"
152,"建国大业",NA,NA,"韩三平/黄建新","唐国强/张国立/许晴","剧情/历史","中国大陆/香港",41595,2009-09-16,"国产"
153,"速度与激情6 Furious 6",7.7,149775,"林诣彬","范・迪塞尔/保罗・沃克/道恩・强森","动作/犯罪/惊悚","美国",41384,2013-07-26,"进口分账"
154,"百团大战",4.7,11841,"宁海强/张玉中","唐国强/王伍福/陶泽如","历史/战争","中国大陆",41236,2015-08-28,"国产"
155,"极品飞车 Need for Speed",7.2,66998,"斯科特・沃","亚伦・保尔/达科塔・约翰逊/伊莫琴・普茨","剧情/动作/犯罪/惊悚","美国/菲律宾/爱尔兰/英国",41195,2014-03-14,"进口分账"
156,"京城81号",4.9,64424,"叶伟民","吴镇宇/林心如/杨v宁","剧情/悬疑/恐怖","中国大陆",41184,2014-07-18,"国产"
157,"星际特工：千星之城 Valérian and the City of a Thousand Planets",7.1,59974,"吕克・贝松","戴恩・德哈恩/卡拉・迪瓦伊/克里夫・欧文","动作/科幻/冒险","法国",40919,2017-08-25,"进口"
158,"钟馗伏魔：雪妖魔灵",4.2,58291,"鲍德熹/赵天宇","陈坤/李冰冰/赵文u","动作/爱情/奇幻","中国大陆/香港/美国",40862,2015-02-19,"国产"
159,"明日边缘 Edge of Tomorrow",8,238800,"道格・里曼","汤姆・克鲁斯/艾米莉・布朗特/布莱丹・格里森","动作/科幻","美国/加拿大",40609,2014-06-06,"进口分账"
160,"北京爱情故事",6.1,115066,"陈思诚","梁家辉/刘嘉玲/王学兵","爱情","中国大陆",40582,2014-02-13,"国产"
161,"道士下山",5.4,124403,"陈凯歌","王宝强/郭富城/张震","喜剧/动作/奇幻/冒险/武侠/古装","中国大陆/美国",40071,2015-07-02,"国产"
162,"建军大业",NA,NA,"刘伟强","刘烨/朱亚文/黄志忠","剧情/历史","中国大陆",40002,2017-07-27,"国产"
163,"拆弹专家",6.4,52514,"邱礼涛","刘德华/姜武/宋佳","动作/犯罪/悬疑","中国大陆/香港",39924,2017-04-28,"国产"
164,"追龙 追",7.5,55226,"王晶/关智耀","甄子丹/刘德华/姜皓文","动作/犯罪","香港/中国大陆",39758,2017-09-30,"国产"
165,"驯龙高手2 How to Train Your Dragon 2",7.9,130899,"迪恩・德布洛斯","杰伊・巴鲁切尔/凯特・布兰切特/杰拉德・巴特勒","喜剧/动画/冒险","美国",39747,2014-08-14,"进口分账"
166,"疯狂原始人 The Croods",8.7,363232,"柯克・德・米科/克里斯・桑德斯","尼古拉斯・凯奇/瑞恩・雷诺兹/艾玛・斯通","喜剧/动画/冒险","美国",39489,2013-04-20,"进口分账"
167,"超人：钢铁之躯 Man of Steel",6.8,119724,"扎克・施奈德","亨利・卡维尔/艾米・亚当斯/迈克尔・珊农","动作/科幻/冒险","美国/英国",39464,2013-06-20,"进口分账"
168,"忍者神龟2：破影而出 Teenage Mutant Ninja Turtles: Out of the Shadows",6.3,47383,"戴夫・格林","梅根・福克斯/斯蒂芬・阿梅尔/威尔・阿奈特","喜剧/动作/科幻/奇幻/冒险","美国/中国大陆/香港/加拿大",39352,2016-07-02,"进口分账"
169,"哈利・波特与死亡圣器(下) Harry Potter and the Deathly Hallows: Part 2",8.6,266035,"大卫・叶茨","丹尼尔・雷德克里夫/艾玛・沃森/鲁伯特・格林特","剧情/悬疑/奇幻/冒险","美国/英国",39344,2011-08-04,"进口分账"
170,"嫌疑人X的献身",6.4,134002,"苏有朋","王凯/张鲁一/林心如","犯罪/悬疑","中国大陆",39230,2017-03-31,"国产"
171,"白发魔女传之明月天国",3.7,57903,"张之亮","范冰冰/黄晓明/赵文卓","动作/爱情/奇幻/武侠/古装","中国大陆/香港",38971,2014-07-31,"国产"
172,"爱宠大机密 The Secret Life of Pets",7.5,120078,"克里斯・雷纳德/亚罗・切尼","路易・C・K/艾瑞克・斯通斯崔特/凯文・哈特","喜剧/动画","美国",38916,2016-08-02,"进口分账"
173,"地心历险记2：神秘岛 Journey 2: The Mysterious Island",6.2,51213,"布拉德・佩顿","道恩・强森/乔什・哈切森/迈克尔・凯恩","动作/冒险/家庭/奇幻/科幻","美国",38849,2012-02-10,"进口特种"
174,"爱丽丝梦游仙境2：镜中奇遇记 Alice Through the Looking Glass",6.6,72185,"詹姆斯・博宾","约翰尼・德普/米娅・华希科沃斯卡/海伦娜・伯翰・卡特","奇幻/冒险","美国",38678,2016-05-27,"进口分账"
175,"爵迹",3.8,89100,"郭敬明","范冰冰/吴亦凡/陈学冬","动画/奇幻","中国大陆",38304,2016-09-30,"国产"
176,"栀子花开",4.1,82197,"何炅","李易峰/张慧雯/蒋劲夫","爱情","中国大陆",37907,2015-07-10,"国产"
177,"荒野猎人 The Revenant",7.8,201235,"亚利桑德罗・冈萨雷斯・伊纳里图","莱昂纳多・迪卡普里奥/汤姆・哈迪/多姆纳尔・格里森","剧情/惊悚/冒险","美国",37740,2016-03-18,"进口"
178,"007：大破天幕杀机 Skyfall",6.9,168202,"萨姆・门德斯","丹尼尔・克雷格/朱迪・丹奇/哈维尔・巴登","动作/惊悚/犯罪/冒险","英国/美国",37678,2013-01-21,"进口分账"
179,"忍者神龟：变种时代 Teenage Mutant Ninja Turtles",6.4,78094,"乔纳森・里贝斯曼","梅根・福克斯/威尔・阿奈特/威廉・菲德内尔","喜剧/动作/科幻/冒险","美国",37423,2014-10-31,"进口分账"
180,"一九四二",7.3,139641,"冯小刚","张国立/张默/徐帆","剧情/历史/战争/灾难","中国大陆",37217,2012-11-29,"国产"
181,"火锅英雄",7.2,176602,"杨庆","陈坤/白百何/秦昊","剧情/犯罪","中国大陆",37056,2016-04-01,"国产"
182,"重返20岁",7.2,182370,"陈正道","杨子姗/归亚蕾/陈柏霖","喜剧/爱情/奇幻","中国大陆/韩国/台湾/香港",36694,2015-01-08,"国产"
183,"大话西游3",3.6,43988,"刘镇伟","韩庚/唐嫣/吴京","喜剧/爱情/奇幻","中国大陆/香港",36570,2016-09-14,"国产"
184,"我的少女时代 我的少女r代",7.8,278029,"陈玉珊","宋芸桦/王大陆/李玉玺","喜剧/爱情","台湾",36134,2015-11-19,"进口"
185,"泰坦尼克号 Titanic",9.2,666986,"詹姆斯・卡梅隆","莱昂纳多・迪卡普里奥/凯特・温丝莱特/比利・赞恩","剧情/爱情/灾难","美国",35950,1998-04-03,"进口分账"
186,"失恋33天",7.3,376959,"滕华涛","白百何/文章/张嘉译","剧情/爱情","中国大陆",35608,2011-11-08,"国产"
187,"星际迷航2：暗黑无界 Star Trek Into Darkness",7.9,148025,"J・J・艾布拉姆斯","克里斯・派恩/扎克瑞・昆图/佐伊・索尔达娜","动作/科幻/冒险","美国",35390,2013-05-28,"进口分账"
188,"何以笙箫默",3.6,93172,"杨文军/黄斌","黄晓明/杨幂/佟大为","爱情","中国大陆",35348,2015-04-30,"国产"
189,"一代宗师 一代宗",7.7,277162,"王家卫","梁朝伟/章子怡/张震","剧情/传记/动作","中国大陆/香港",35278,2013-01-08,"国产"
190,"侏罗纪公园 Jurassic Park",7.9,154408,"史蒂文・斯皮尔伯格","山姆・尼尔/劳拉・邓恩/杰夫・高布伦","科幻/冒险","美国",34621,2013-08-20,"进口分账"
191,"亲爱的",8.3,250252,"陈可辛","赵薇/黄渤/佟大为","剧情/家庭","中国大陆/香港",34443,2014-09-25,"国产"
192,"雷神2：黑暗世界 Thor: The Dark World",7.4,133812,"阿兰・泰勒","克里斯・海姆斯沃斯/汤姆・希德勒斯顿/娜塔莉・波特曼","动作/奇幻/冒险","美国",34101,2013-11-08,"进口分账"
193,"蝙蝠侠：黑暗骑士崛起 The Dark Knight Rises",8.5,285898,"克里斯托弗・诺兰","克里斯蒂安・贝尔/汤姆・哈迪/安妮・海瑟薇","剧情/动作/科幻/犯罪/惊悚","美国/英国",34018,2012-08-27,"进口分账"
194,"伦敦陷落 London Has Fallen",6.1,61231,"巴巴克・纳加非","杰拉德・巴特勒/艾伦・艾克哈特/摩根・弗里曼","动作/犯罪/惊悚","英国/美国/保加利亚",33976,2016-04-08,"进口分账"
195,"敦刻尔克 Dunkirk",8.6,223936,"克里斯托弗・诺兰","菲恩・怀特海德/汤姆・格林-卡尼/杰克・劳登","剧情/历史/战争","英国/法国/美国/荷兰",33960,2017-09-01,"进口分账"
196,"机械师2：复活 Mechanic: Resurrection",5.6,53031,"丹尼斯・甘塞尔","杰森・斯坦森/杰西卡・阿尔芭/汤米・李・琼斯","动作/犯罪","法国/美国",33886,2016-10-21,"进口"
197,"特种部队2：全面反击 G.I. Joe: Retaliation",6.4,66070,"朱浩伟","道恩・强森/布鲁斯・威利斯/李秉宪","动作/冒险","美国",33803,2013-04-15,"进口分账"
198,"致青春・原来你还在这里",4,71941,"周拓如","吴亦凡/刘亦菲/金世佳","剧情/爱情","中国大陆",33708,2016-07-08,"国产"
199,"敢死队2 The Expendables 2",6.8,94756,"西蒙・韦斯特","西尔维斯特・史泰龙/杰森・斯坦森/李连杰","动作/冒险","美国",33406,2012-09-04,"进口"
200,"非诚勿扰",7.1,252133,"冯小刚","葛优/舒淇/范伟","喜剧/爱情","中国大陆",32526,2008-12-18,"国产"
201,"我的特工爷爷 特工",5.3,38635,"洪金宝","洪金宝/刘德华/朱雨辰","剧情/动作/冒险","香港/中国大陆",32518,2016-04-01,"国产"
202,"神偷奶爸2 Despicable Me 2",8,224597,"皮埃尔・柯芬/克里斯・雷纳德","史蒂夫・卡瑞尔/克里斯汀・韦格/本杰明・布拉特","喜剧/动画/冒险","美国",32425,2014-01-10,"进口特种"
203,"博物馆奇妙夜3 Night at the Museum: Secret of the Tomb",7,93301,"肖恩・利维","本・斯蒂勒/罗宾・威廉姆斯/欧文・威尔逊","喜剧/奇幻/冒险","美国/英国",32331,2014-01-04,"进口报关"
204,"万万没想到",5.5,121398,"易小星","白客/杨子姗/陈柏霖","喜剧/奇幻/冒险/古装","中国大陆",32216,2015-12-18,"国产"
205,"横冲直撞好莱坞",4.5,60120,"蒂姆・肯德尔","赵薇/黄晓明/佟大为","喜剧/动作/冒险","中国大陆/香港/美国",32214,2015-06-26,"国产"
206,"赤壁(上)",6.3,119076,"吴宇森","梁朝伟/金城武/张丰毅","动作/冒险/剧情/历史/战争","中国大陆/香港/台湾/日本/韩国",32100,2008-07-10,"国产"
207,"风暴 L暴",6.4,80009,"袁锦麟","刘德华/姚晨/林家栋","动作/犯罪","香港/中国大陆",31763,2013-12-12,"国产"
208,"霍比特人1：意外之旅 The Hobbit: An Unexpected Journey",8.1,221431,"彼得・杰克逊","伊恩・麦克莱恩/马丁・弗瑞曼/理查德・阿米蒂奇","动作/奇幻/冒险","美国/新西兰",31591,2013-02-22,"进口特种"
209,"机械战警 RoboCop",6.3,59612,"若泽・帕迪里亚","乔尔・金纳曼/加里・奥德曼/迈克尔・基顿","动作/科幻/犯罪","美国",31493,2014-02-28,"进口分账"
210,"太空旅客 Passengers",6.9,110796,"莫滕・泰杜姆","詹妮弗・劳伦斯/克里斯・普拉特/麦克・辛","冒险/科幻","美国",31453,2017-01-13,"进口分账"
211,"超凡蜘蛛侠 The Amazing Spider-Man",7.2,145206,"马克・韦布","安德鲁・加菲尔德/艾玛・斯通/瑞斯・伊凡斯","动作/科幻/冒险","美国",31151,2012-08-27,"进口分账"
212,"超级战舰 Battleship",6.6,90642,"彼得・博格","泰勒・克奇/亚历山大・斯卡斯加德/蕾哈娜","动作/科幻/冒险/灾难","美国",31139,2012-04-18,"进口分账"
213,"异形：契约 Alien: Covenant",7.3,121376,"雷德利・斯科特","迈克尔・法斯宾德/凯瑟琳・沃特斯顿/比利・克鲁德普","科幻/惊悚/恐怖","美国",30994,2017-06-16,"进口分账"
214,"窃听风云3",6.2,103165,"麦兆辉/庄文强","刘青云/古天乐/吴彦祖","动作/犯罪/悬疑/惊悚","香港/中国大陆",30922,2014-05-29,"国产"
215,"泰山归来：险战丛林 The Legend of Tarzan",6,29747,"大卫・叶茨","亚历山大・斯卡斯加德/玛格特・罗比/塞缪尔・杰克逊","动作/冒险","美国/英国/加拿大",30603,2016-07-19,"进口特种"
216,"烈日灼心",7.9,239287,"曹保平","邓超/段奕宏/郭涛","剧情/犯罪/悬疑","中国大陆",30429,2015-08-27,"国产"
217,"心理罪",5.1,58923,"谢东","廖凡/李易峰/万茜","动作/犯罪/悬疑","中国大陆",30393,2017-08-11,"国产"
218,"天机・富春山居图",2.9,81404,"孙健君","刘德华/林志玲/张静初","动作/冒险","中国大陆",29909,2013-06-09,"国产"
219,"冰雪奇缘 Frozen",8.3,295519,"克里斯・巴克/珍妮弗・李","克里斯汀・贝尔/伊迪娜・门泽尔/乔纳森・格罗夫","喜剧/动画/歌舞","美国",29843,2014-02-05,"进口分账"
220,"沉睡魔咒 Maleficent",6.9,113415,"罗伯特・斯特罗姆伯格","安吉丽娜・朱莉/艾丽・范宁/沙尔托・科普雷","动作/爱情/奇幻/冒险","美国/英国",29568,2014-06-20,"进口分账"
221,"熊出没之雪岭熊风",7.3,7089,"丁亮/刘富源","张伟/张秉君/谭笑","喜剧/动画/冒险/家庭","中国大陆",29534,2015-01-30,"国产"
222,"小时代2：青木时代",4.9,136594,"郭敬明","杨幂/柯震东/郭采洁","剧情/喜剧/爱情","中国大陆/台湾",29350,2013-08-08,"国产"
223,"狄仁杰之通天帝国",6.4,148564,"徐克","刘德华/刘嘉玲/李冰冰","剧情/动作/犯罪/悬疑/古装","中国大陆/香港",29228,2010-09-29,"国产"
224,"归来",7.7,174813,"张艺谋","陈道明/巩俐/张慧雯","剧情/历史/爱情","中国大陆",29203,2014-05-16,"国产"
225,"记忆大师",7.2,147777,"陈正道","黄渤/段奕宏/徐静蕾","剧情/犯罪/悬疑/惊悚","中国大陆",29185,2017-04-28,"国产"
226,"满城尽带黄金甲",5.2,108055,"张艺谋","周润发/巩俐/刘烨","剧情/动作/爱情/古装","中国大陆/香港",29100,2006-12-14,"国产"
227,"十月围城",7.7,216464,"陈德森","甄子丹/王学圻/梁家辉","动作/剧情/历史","香港/中国大陆",29032,2009-12-17,"国产"
228,"微爱之渐入佳境",4.6,57703,"顾长卫","杨颖/陈赫/张鲁一","喜剧/爱情","中国大陆",28892,2014-12-31,"国产"
229,"咱们结婚吧",5.9,59566,"刘江","高圆圆/姜武/李晨","喜剧/爱情","中国大陆",28780,2015-04-02,"国产"
230,"熊出没之熊心归来",6.2,4494,"丁亮/林永长","张伟/张秉君/谭笑","喜剧/动画/冒险","中国大陆",28778,2016-01-16,"国产"
231,"不二神探",4.6,94754,"王子鸣","文章/李连杰/刘诗诗","喜剧/动作/犯罪","中国大陆",28428,2013-06-21,"国产"
232,"封神传奇",2.9,39458,"许安","李连杰/范冰冰/黄晓明","剧情/动作/奇幻","香港/中国大陆",28406,2016-07-29,"国产"
233,"有一个地方只有我们知道",4.9,111788,"徐静蕾","吴亦凡/王丽坤/徐静蕾","爱情","中国大陆",28335,2015-02-10,"国产"
234,"变形金刚 Transformers",8.1,236561,"迈克尔・贝","希亚・拉博夫/泰瑞斯・吉布森/乔什・杜哈明","动作/科幻","美国",28232,2007-07-11,"进口分账"
235,"微微一笑很倾城",5,69528,"赵天宇","井柏然/杨颖/李沁","爱情","中国大陆",27584,2016-08-12,"国产"
236,"催眠大师",7.6,199199,"陈正道","徐峥/莫文蔚/胡静","剧情/悬疑/惊悚","中国大陆",27419,2014-04-29,"国产"
237,"超体 Lucy",7,239324,"吕克・贝松","斯嘉丽・约翰逊/摩根・弗里曼/崔岷植","动作/科幻","法国",27229,2014-10-24,"进口"
238,"厨子戏子痞子",7,156621,"管虎","刘烨/张涵予/黄渤","喜剧/动作","中国大陆",27058,2013-03-29,"国产"
239,"木星上行 Jupiter Ascending",5.4,55320,"莉莉・沃卓斯基/拉娜・沃卓斯基","查宁・塔图姆/米拉・库尼斯/肖恩・宾","动作/科幻/冒险","美国/英国",26884,2015-03-06,"进口分账"
240,"金刚狼2 The Wolverine",6.1,99296,"詹姆斯・曼高德","休・杰克曼/冈本多绪/福岛莉拉","动作/科幻","美国/英国",26855,2013-10-17,"进口分账"
241,"绣春刀II：修罗战场",7.4,151251,"路阳","张震/杨幂/张译","剧情/动作/武侠/古装","中国大陆",26570,2017-07-19,"国产"
242,"无人区",8.1,263830,"宁浩","徐峥/黄渤/余男","剧情/犯罪/西部","中国大陆",26189,2013-12-03,"国产"
243,"异星战场 John Carter",6.3,46513,"安德鲁・斯坦顿","泰勒・克奇/琳恩・柯林斯/托马斯・哈登・丘奇","动作/科幻/奇幻/冒险","美国",26064,2012-03-16,"进口分账"
244,"赤壁(下)",6.4,91830,"吴宇森","梁朝伟/金城武/张丰毅","动作/剧情/历史/战争","中国大陆/香港/日本/台湾/韩国",26053,2009-01-08,"国产"
245,"王牌逗王牌",3.3,24316,"王晶","刘德华/黄晓明/王祖蓝","喜剧/动作/冒险","中国大陆/香港",26039,2016-09-30,"国产"
246,"三枪拍案惊奇",4.6,73893,"张艺谋","小沈阳/闫妮/孙红雷","剧情","中国大陆/香港",25821,2009-12-10,"国产"
247,"缝纫机乐队",7,46044,"大鹏","大鹏/乔杉/古力娜扎","喜剧/音乐","中国大陆",25757,2017-09-29,"国产"
248,"卧虎藏龙：青冥宝剑 Crouching Tiger, Hidden Dragon: Sword of Destiny",4.7,27570,"袁和平","甄子丹/杨紫琼/岑勇康","剧情/动作/武侠/古装","中国大陆/美国",25634,2016-02-19,"国产"
249,"蓝精灵 The Smurfs",7.2,81154,"拉加・高斯内尔","尼尔・帕特里克・哈里斯/杰玛・梅斯/汉克・阿扎利亚","喜剧/动画/奇幻/家庭","美国/比利时",25489,2011-08-10,"进口特种"
250,"海底总动员2：多莉去哪儿 Finding Dory",7.3,52688,"安德鲁・斯坦顿/安格斯・麦克莱恩","艾伦・德杰尼勒斯/艾伯特・布鲁克斯/艾德・奥尼尔","喜剧/动画/冒险/家庭","美国",25411,2016-06-17,"进口分账"
251,"速度与激情5 Fast Five",8.4,209264,"林诣彬","范・迪塞尔/保罗・沃克/道恩・强森","动作/犯罪","美国",25411,2011-05-13,"进口分账"
252,"寒战 寒",7.4,213941,"梁乐民/陆剑青","郭富城/梁家辉/李治廷","剧情/动作/犯罪","香港/中国大陆",25361,2012-11-08,"国产"
253,"金蝉脱壳 Escape Plan",7.6,119900,"米凯尔・哈弗斯特罗姆","西尔维斯特・史泰龙/阿诺・施瓦辛格/吉姆・卡维泽","动作/惊悚","美国",25249,2013-11-04,"进口"
254,"前任2：备胎反击战",5,41775,"田羽生","郑恺/郭采洁/王传君","喜剧/爱情","中国大陆/香港",25188,2015-11-06,"国产"
255,"空天猎",4.9,26830,"李晨","李晨/范冰冰/王千源","剧情/动作/战争","中国大陆",25150,2017-09-29,"国产"
256,"英雄",6.8,127032,"张艺谋","李连杰/梁朝伟/张曼玉","剧情/动作/武侠/古装","中国大陆/香港",2,2002-12-19,"国产"
257,"集结号",7.8,114474,"冯小刚","张涵予/邓超/袁文康","剧情/传记/历史/战争","中国大陆/香港",24978,2007-12-20,"国产"
258,"爱乐之城 La La Land",8.3,320674,"达米恩・查泽雷","瑞恩・高斯林/艾玛・斯通/约翰・传奇","剧情/爱情/歌舞","美国",24793,2017-02-14,"进口"
259,"极盗者 Point Break",6.8,63230,"埃里克松・科尔","卢克・布雷西/埃德加・拉米雷兹/泰莉莎・帕尔墨","动作/犯罪/运动","美国/中国大陆/德国",24739,2015-12-04,"进口"
260,"熊出没之夺宝熊兵",6.4,12758,"丁亮/刘富源","张秉君/张伟/谭笑","喜剧/动画/冒险/家庭","中国大陆",24643,2014-01-17,"国产"
261,"里约大冒险2 Rio 2",7.6,77475,"卡洛斯・萨尔达尼亚","安妮・海瑟薇/杰西・艾森伯格/布鲁诺・马尔斯","喜剧/动画/冒险","美国",24378,2014-04-11,"进口特种"
262,"扫毒 叨",7.2,116743,"陈木胜","刘青云/张家辉/古天乐","剧情/动作/犯罪/悬疑","中国大陆/香港",23963,2013-11-29,"国产"
263,"马达加斯加的企鹅 Penguins of Madagascar",7.4,73650,"埃里克・达尼尔/西蒙・J・史密斯","汤姆・麦格拉思/克里斯・米勒/克里斯多夫・奈茨","喜剧/动画/冒险","美国",23704,2014-11-14,"进口分账"
264,"侠盗联盟 bI盟",5.5,22720,"冯德伦","刘德华/舒淇/张静初","动作/冒险","中国大陆/香港/捷克",23688,2017-08-11,"国产"
265,"神战：权力之眼 Gods of Egypt",6.4,30965,"亚历克斯・普罗亚斯","尼古拉・科斯特-瓦尔道/布伦顿・思韦茨/杰拉德・巴特勒","动作/奇幻/冒险","美国/澳大利亚",23540,2016-03-11,"进口"
266,"爱丽丝梦游仙境 Alice in Wonderland",7,210000,"蒂姆・波顿","米娅・华希科沃斯卡/约翰尼・德普/海伦娜・伯翰・卡特","奇幻/冒险","美国",23404,2010-03-26,"进口分账"
267,"叶问2：宗师传奇",7.2,139617,"叶伟信","甄子丹/洪金宝/熊黛林","动作/传记/历史","中国大陆/香港",23404,2010-04-27,"国产"
268,"画皮 皮",6.5,243396,"陈嘉上/钱永强","甄子丹/周迅/陈坤","动作/剧情/惊悚","中国大陆/香港/新加坡",23241,2008-09-25,"国产"
269,"听风者",6.8,145612,"麦兆辉/庄文强","梁朝伟/周迅/范晓萱","剧情/悬疑","中国大陆/香港",23224,2012-08-07,"国产"
270,"一生一世",5.1,71104,"邹","谢霆锋/高圆圆/杜海涛","爱情","中国大陆/香港",22941,2014-09-05,"国产"
271,"洛杉矶之战 Battle: Los Angeles",6,83056,"乔纳森・里贝斯曼","艾伦・艾克哈特/米歇尔・罗德里格兹/拉蒙・罗德里格兹","动作/战争/科幻/灾难","美国",22739,2011-03-18,"进口分账"
272,"海洋奇缘 Moana",7.6,68735,"罗恩・克莱蒙兹/约翰・马斯克","奥丽伊・卡瓦洛/道恩・强森/艾伦・图代克","喜剧/动画/奇幻/冒险/歌舞/家庭","美国",22699,2016-11-25,"进口分账"
273,"撒娇女人最好命",5.8,119029,"彭浩翔","周迅/黄晓明/隋棠","喜剧/爱情","中国大陆/香港",22440,2014-11-28,"国产"
274,"风声",8,263053,"陈国富/高群书","周迅/李冰冰/张涵予","犯罪/剧情/惊悚/战争","中国大陆",22413,2009-09-30,"国产"
275,"普罗米修斯 Prometheus",7.2,189006,"雷德利・斯科特","劳米・拉佩斯/迈克尔・法斯宾德/查理兹・塞隆","科幻/惊悚/冒险","美国/英国",22359,2012-09-02,"进口特种"
276,"爸爸去哪儿2",4.5,15030,"谢涤葵/林妍","黄磊/黄忆慈/陆毅","儿童/喜剧/家庭","中国大陆",22341,2015-02-19,"国产"
277,"敢死队 The Expendables",6.7,119476,"西尔维斯特・史泰龙","西尔维斯特・史泰龙/杰森・斯坦森/李连杰","动作/冒险/惊悚","美国",21876,2010-08-20,"进口批片"
278,"京城81号2 京城81号Ⅱ",3.9,14690,"钱人豪","张智霖/梅婷/钟欣潼","剧情/悬疑/惊悚","中国大陆",21803,2017-07-06,"国产"
279,"新少林寺",5.9,79466,"陈木胜","刘德华/谢霆锋/范冰冰","剧情/动作","中国大陆/香港",21626,2011-01-19,"国产"
280,"欢乐好声音 Sing",8.2,119316,"加斯・詹宁斯/克里斯托夫・卢尔德莱","马修・麦康纳/瑞茜・威瑟斯彭/塞思・麦克法兰","喜剧/动画/歌舞","美国",21621,2017-02-17,"进口分账"
281,"失孤",6.4,57073,"彭三源","刘德华/井柏然/吴君如","剧情","中国大陆/香港",21616,2015-03-20,"国产"
282,"我是证人",6.1,77092,"安相勋","杨幂/鹿晗/王景春","剧情/犯罪/悬疑","中国大陆/韩国",21494,2015-10-30,"国产"
283,"窃听风云2",7.5,157041,"麦兆辉/庄文强","古天乐/刘青云/吴彦祖","剧情/动作/犯罪/悬疑","香港/中国大陆",21468,2011-08-18,"国产"
284,"重返地球 After Earth",5.5,48539,"M・奈特・沙马兰","威尔・史密斯/贾登・史密斯/佐伊・克罗维兹","动作/科幻/冒险","美国",21466,2013-07-12,"进口分账"
285,"赏金猎人",5,24398,"申太罗","李敏镐/钟汉良/唐嫣","剧情/喜剧/动作","中国大陆/韩国/香港",21374,2016-07-01,"国产"
286,"哈利・波特与死亡圣器(上) Harry Potter and the Deathly Hallows: Part 1",7.8,173688,"大卫・叶茨","丹尼尔・雷德克里夫/艾玛・沃森/鲁伯特・格林特","剧情/奇幻/冒险","英国/美国",21313,2010-11-19,"进口分账"
287,"谍影重重4 The Bourne Legacy",6.7,95818,"托尼・吉尔罗伊","杰瑞米・雷纳/蕾切尔・薇兹/爱德华・诺顿","动作/悬疑/惊悚","美国/日本",21302,2012-10-25,"进口分账"
288,"白蛇传说",4.7,87112,"程小东","李连杰/黄圣依/林峰","动作/爱情/奇幻/古装","中国大陆",21100,2011-09-28,"国产"
289,"马达加斯加3 Madagascar 3: Europe's Most Wanted",8.2,116516,"康拉德・弗农/埃里克・达尼尔/汤姆・麦格拉思","本・斯蒂勒/克里斯・洛克/大卫・休默","喜剧/动画/冒险","美国",21078,2012-06-08,"进口特种"
290,"怪兽大学 Monsters University",8,188733,"丹・斯坎伦","比利・克里斯托/约翰・古德曼/史蒂夫・布西密","喜剧/动画/冒险","美国",21007,2013-08-23,"进口分账"
291,"喜欢你",6.9,136646,"许宏宇","金城武/周冬雨/孙艺洲","喜剧/爱情","中国大陆",20993,2017-04-27,"国产"
292,"赤道",6,69938,"梁乐民/陆剑青","张学友/张家辉/余文乐","剧情/动作/犯罪/悬疑","香港",20932,2015-04-30,"国产"
293,"盲探",7.1,130133,"杜琪峰","刘德华/郑秀文/郭涛","喜剧/爱情/悬疑/惊悚/犯罪","中国大陆/香港",20958,2013-07-04,"国产"
294,"饥饿游戏3：嘲笑鸟(上) The Hunger Games: Mockingjay - Part 1",5.8,87653,"弗朗西斯・劳伦斯","詹妮弗・劳伦斯/乔什・哈切森/利亚姆・海姆斯沃斯","动作/科幻/冒险","美国",20942,2015-02-08,"进口分账"
295,"反贪风暴2 SL暴",5.3,25487,"林德禄","古天乐/张智霖/周渝民","剧情/犯罪","中国大陆/香港",20901,2016-09-14,"国产"
296,"老男孩猛龙过江",5.7,97251,"肖央","肖央/王太利/屈菁菁","剧情/喜剧","中国大陆",20888,2014-07-10,"国产"
297,"痞子英雄2：黎明升起 痞子英雄2：黎明再起",5.4,35211,"蔡岳勋","赵又廷/林更新/黄渤","剧情/动作/犯罪","中国大陆/台湾/香港",20873,2014-10-01,"国产"
298,"闺蜜",5.4,74519,"黄真真","陈意涵/薛凯琪/杨子姗","喜剧/爱情","中国大陆",20498,2014-07-30,"国产"
299,"长江七号",6.3,171971,"周星驰","周星驰/徐娇/张雨绮","喜剧/科幻","中国大陆/香港",20304,2008-01-30,"国产"
300,"攻壳机动队 Ghost in the Shell",6.5,99397,"鲁伯特・桑德斯","斯嘉丽・约翰逊/皮鲁・埃斯贝克/北野武","动作/科幻/犯罪","美国",20233,2017-04-07,"进口分账"
301,"虎胆龙威5 A Good Day to Die Hard",6.2,44960,"约翰・摩尔","布鲁斯・威利斯/杰・科特尼/塞巴斯蒂安・科赫","动作/惊悚/犯罪","美国",20129,2013-03-14,"进口分账"
302,"投名状",6.9,101007,"陈可辛","李连杰/金城武/刘德华","剧情/动作/战争/古装","中国大陆/香港",20110,2007-12-12,"国产"
303,"逆时营救",4.8,36222,"尹鸿承","杨幂/霍建华/金士杰","动作/科幻","中国大陆",20071,2017-06-29,"国产"
304,"101次求婚",5.6,125749,"陈正道","黄渤/林志玲/高以翔","爱情","中国大陆/台湾/日本",20042,2013-02-12,"国产"
305,"猩球崛起 Rise of the Planet of the Apes",8,238256,"鲁伯特・瓦耶特","詹姆斯・弗兰科/安迪・瑟金斯/汤姆・费尔顿","剧情/动作/科幻","美国",19681,2011-10-28,"进口分账"
306,"将爱情进行到底",6.6,176140,"张一白","李亚鹏/徐静蕾/王学兵","剧情/爱情","中国大陆",19635,2011-02-12,"国产"
307,"解救吾先生",7.8,187456,"丁晟","刘德华/刘烨/吴若甫","剧情/犯罪","中国大陆",19580,2015-09-30,"国产"
308,"太平轮(上)",5.8,65711,"吴宇森","章子怡/金城武/宋慧乔","剧情/爱情/战争","中国大陆/香港",19542,2014-12-02,"国产"
309,"大侦探福尔摩斯2：诡影游戏 Sherlock Holmes: A Game of Shadows",7.5,142510,"盖・里奇","小罗伯特・唐尼/裘德・洛/瑞秋・麦克亚当斯","动作/犯罪/悬疑/惊悚/冒险","美国",19343,2012-01-15,"进口分账"
310,"赵氏孤儿",5.8,115689,"陈凯歌","葛优/王学圻/黄晓明","剧情/动作/历史/武侠/古装","中国大陆",19310,2010-12-04,"国产"
311,"分手合约",5.7,121001,"吴基焕","白百何/彭于晏/吴佩慈","爱情","中国大陆/韩国",19264,2013-04-12,"国产"
312,"飓风营救3 Taken 3",6.3,52169,"奥利维尔・米加顿","连姆・尼森/福里斯特・惠特克/法米克・詹森","动作/犯罪/惊悚","法国/美国",19246,2015-03-20,"进口分账"
313,"四大名捕大结局",4.7,32738,"陈嘉上/秦小珍","邓超/刘亦菲/邹兆龙","动作/爱情/悬疑/武侠/古装","中国大陆/香港",19241,2014-08-22,"国产"
314,"四大名捕",5,69602,"陈嘉上/秦小珍","邓超/刘亦菲/郑中基","动作/爱情/悬疑/武侠/古装","中国大陆/香港",19217,2012-07-12,"国产"
315,"陆知马俐",5.4,51087,"文章","包贝尔/宋佳/朱亚文","喜剧/爱情","中国大陆",19204,2016-07-15,"国产"
316,"武林外传",6.4,132022,"尚敬","闫妮/姚晨/沙溢","喜剧/动作/古装","中国大陆",18965,2011-01-26,"国产"
317,"大话西游之大圣娶亲 西[大Y局之仙履奇",9.2,497989,"刘镇伟","周星驰/吴孟达/朱茵","动作/冒险/喜剧/奇幻/爱情","香港/中国大陆",18917,NA,"国产"
318,"功夫之王 The Forbidden Kingdom",5.3,99029,"罗伯・明可夫","李连杰/成龙/刘亦菲","动作/奇幻/冒险/武侠/古装","美国/中国大陆",18800,2008-04-18,"国产"
319,"移动迷宫2 Maze Runner: The Scorch Trials",5.7,54973,"韦斯・鲍尔","迪伦・欧布莱恩/卡雅・斯考达里奥/托马斯・布罗迪-桑斯特","动作/科幻","美国",18780,2015-11-04,"进口分账"
320,"暴力街区 Brick Mansions",6.9,53152,"卡米尔・狄拉玛","保罗・沃克/大卫・贝利/RZA","剧情/动作/犯罪","法国/加拿大",18704,2014-08-01,"进口"
321,"功夫熊猫 Kung Fu Panda",7.9,290252,"马克・奥斯本/约翰・斯蒂文森","杰克・布莱克/达斯汀・霍夫曼/安吉丽娜・朱莉","喜剧/动作/动画/冒险","美国",18550,2008-06-20,"进口分账"
322,"功夫",7.9,269773,"周星驰","周星驰/元秋/元华","动作/喜剧/犯罪/奇幻","中国大陆/香港",18549,2015-01-15,"国产"
323,"全民目击",7.6,144777,"非行","孙红雷/余男/郭富城","剧情/犯罪/悬疑","中国大陆",18126,2013-09-13,"国产"
324,"单身男女2 紊砟信II",5.3,71948,"杜琪峰","古天乐/杨千/高圆圆","喜剧/爱情","香港/中国大陆",18051,2014-11-11,"国产"
325,"谁的青春不迷茫",6.4,43941,"姚婷婷","白敬亭/郭姝彤/李宏毅","爱情","中国大陆",17985,2016-04-22,"国产"
326,"最后的巫师猎人 The Last Witch Hunter",5.8,35699,"布瑞克・埃斯纳尔","范・迪塞尔/伊利亚・伍德/露丝・莱斯利","动作/奇幻/冒险","美国",17983,2016-01-15,"进口"
327,"无极",4.8,106914,"陈凯歌","张东健/张柏芝/真田广之","动作/剧情/奇幻","中国大陆/香港/日本/韩国",17950,2005-12-15,"国产"
328,"钢铁侠2 Iron Man 2",7.1,158076,"乔恩・费儒","小罗伯特・唐尼/格温妮斯・帕特洛/米基・洛克","动作/冒险/科幻","美国",17920,2010-05-07,"进口分账"
329,"画壁",4.4,87154,"陈嘉上","邓超/孙俪/闫妮","剧情/动作/爱情/奇幻","中国大陆/香港",17805,2011-09-29,"国产"
330,"惊天危机 White House Down",7.3,79820,"罗兰・艾默里奇","查宁・塔图姆/杰米・福克斯/玛吉・吉伦哈尔","动作/灾难","美国",17774,2013-07-22,"进口分账"
331,"诸神之战 Clash of the Titans",6,71930,"路易斯・莱特里尔","萨姆・沃辛顿/杰玛・阿特登/麦斯・米科尔森","动作/冒险/奇幻","美国",17592,2010-04-16,"进口特种"
332,"饥饿游戏 The Hunger Games",6.7,209543,"盖瑞・罗斯","詹妮弗・劳伦斯/乔什・哈切森/利亚姆・海姆斯沃斯","动作/科幻/冒险","美国",17577,2012-06-14,"进口分账"
333,"四大名捕2",4.8,40400,"陈嘉上/秦小珍","邓超/刘亦菲/邹兆龙","动作/悬疑/奇幻/武侠/古装","中国大陆/香港",17541,2013-12-06,"国产"
334,"春娇救志明 春删戎久",7.2,103620,"彭浩翔","余文乐/杨千/蒋梦婕","剧情/喜剧/爱情","香港/中国大陆",17484,2017-04-28,"国产"
335,"大魔术师 大魔g",6.6,128827,"尔冬升","梁朝伟/刘青云/周迅","剧情/喜剧/爱情/奇幻","中国大陆/香港",17429,2012-01-12,"国产"
336,"搜索",7.3,215057,"陈凯歌","高圆圆/姚晨/赵又廷","剧情/悬疑","中国大陆",17354,2012-07-06,"国产"
337,"蓝精灵：寻找神秘村 Smurfs: The Lost Village",6.3,9040,"凯利・阿斯博瑞","黛米・洛瓦托/雷恩・威尔森/乔・曼根尼罗","喜剧/动画/奇幻/冒险","美国",17340,2017-04-21,"进口分账"
338,"新娘大作战",3.9,41119,"陈国辉","杨颖/倪妮/陈晓","喜剧/爱情","中国大陆/香港",17331,2015-08-20,"国产"
339,"驴得水",8.3,299944,"周申/刘露","任素汐/大力/刘帅良","剧情/喜剧","中国大陆",17308,2016-10-28,"国产"
340,"疯狂外星人 Home",7.3,43889,"蒂姆・约翰逊","吉姆・帕森斯/蕾哈娜/史蒂夫・马丁","喜剧/科幻/动画/冒险","美国",17238,2015-04-24,"进口特种"
341,"武侠",6.6,113578,"陈可辛","甄子丹/金城武/汤唯","剧情/动作/悬疑/武侠","香港/中国大陆",17203,2011-07-04,"国产"
342,"一夜惊喜",5.5,86615,"金依萌","范冰冰/李治廷/吴佩慈","喜剧/爱情","中国大陆/香港",17158,2013-08-09,"国产"
343,"黄飞鸿之英雄有梦",5.4,46230,"周显扬","彭于晏/井柏然/王珞丹","剧情/动作/爱情/武侠","中国大陆/香港/英国",17127,2014-11-21,"国产"
344,"饥饿游戏2：星火燎原 The Hunger Games: Catching Fire",7.3,138107,"弗朗西斯・劳伦斯","詹妮弗・劳伦斯/乔什・哈切森/利亚姆・海姆斯沃斯","动作/科幻/冒险","美国",17116,2013-11-21,"进口"
345,"二十二",8.8,81469,"郭柯","纪录片","中国大陆","2015",17037,2017-08-14,"国产"
346,"云图 Cloud Atlas",8,269043,"汤姆・提克威/拉娜・沃卓斯基/莉莉・沃卓斯基","汤姆・汉克斯/哈莉・贝瑞/吉姆・布劳德本特","剧情/科幻/悬疑","德国/美国/香港/中国大陆/新加坡",16985,2013-01-31,"进口"
347,"南京！南京！",7.4,109402,"陆川","刘烨/高圆圆/中泉英雄","剧情/历史/战争","中国大陆/香港",16848,2009-04-22,"国产"
348,"喜羊羊与灰太狼之开心闯龙年",5.3,4799,"简耀宗","周笔畅/阿牛/欧弟","儿童/喜剧/动画/冒险","中国大陆",16788,2012-01-12,"国产"
349,"危城",5.6,36093,"陈木胜","刘青云/古天乐/彭于晏","剧情/动作/犯罪/武侠/古装","中国大陆/香港",16734,2016-08-12,"国产"
350,"哈利・波特与混血王子 Harry Potter and the Half-Blood Prince",7.3,155416,"大卫・叶茨","丹尼尔・雷德克里夫/艾玛・沃森/鲁伯特・格林特","剧情/奇幻/冒险","英国/美国",16729,2009-07-15,"进口分账"
351,"最强质",5.2,64896,"陈庆嘉/秦小珍","张柏芝/古天乐/甄子丹","喜剧/爱情","中国大陆/香港",16704,2011-01-31,"国产"
352,"比利・林恩的中场战事 Billy Lynn's Long Halftime Walk",8.4,197498,"李安","乔・阿尔文/加内特・赫德兰/克里斯汀・斯图尔特","剧情/战争","美国/英国/中国大陆",16517,2016-11-11,"进口分账"
353,"七月与安生",7.6,254890,"曾国祥","周冬雨/马思纯/李程彬","剧情/爱情","中国大陆/香港",16487,2016-09-14,"国产"
354,"魔境仙踪 Oz: The Great and Powerful",6.3,39470,"山姆・雷米","詹姆斯・弗兰科/米歇尔・威廉姆斯/蕾切尔・薇兹","奇幻/冒险","美国",16417,2013-03-29,"进口特种"
355,"第七子：降魔之战 Seventh Son",5,23111,"谢尔盖・波德罗夫","杰夫・布里吉斯/本・巴恩斯/朱丽安・摩尔","奇幻/冒险","英国/美国/加拿大/中国大陆",16320,2015-01-16,"进口分账"
356,"波斯王子：时之刃 Prince of Persia: The Sands of Time",7.2,90644,"迈克・内威尔","杰克・吉伦哈尔/杰玛・阿特登/本・金斯利","动作/爱情/奇幻/冒险","美国",16266,2010-05-28,"进口分账"
357,"大兵小将",6.8,99103,"丁晟","成龙/王力宏/刘承俊","动作/冒险/喜剧","中国大陆/香港",16218,2010-02-14,"国产"
358,"我的早更女友",5.4,73926,"郭在容","周迅/佟大为/钟汉良","喜剧/爱情","中国大陆",16187,2014-12-12,"国产"
359,"神探夏洛克：可恶的新娘 Sherlock: The Abominable Bride",6.9,147249,"道格拉斯・麦金农","本尼迪克特・康伯巴奇/马丁・弗瑞曼/尤娜・斯塔布斯","剧情/犯罪/悬疑","英国",16135,2016-01-04,"进口"
360,"诸神之怒 Wrath of the Titans",5.9,37610,"乔纳森・里贝斯曼","萨姆・沃辛顿/拉尔夫・费因斯/连姆・尼森","动作/奇幻/冒险","美国",16126,2012-03-30,"进口特种"
361,"刺客信条 Assassin's Creed",5.4,58114,"贾斯汀・库泽尔","迈克尔・法斯宾德/玛丽昂・歌迪亚/杰瑞米・艾恩斯","动作/历史/科幻/冒险","美国/法国/香港/英国/台湾/马耳他/加拿大",16112,2017-02-24,"进口"
362,"一触即发 Jack Ryan: Shadow Recruit",5.7,25808,"肯尼思・布拉纳","克里斯・派恩/凯文・科斯特纳/肯尼思・布拉纳","剧情/动作/惊悚","美国/俄罗斯",16084,2014-01-17,"进口分账"
363,"极乐空间 Elysium",6.2,61280,"尼尔・布洛姆坎普","马特・达蒙/朱迪・福斯特/沙尔托・科普雷","剧情/动作/科幻","美国",16006,2013-09-05,"进口分账"
364,"怦然星动",4.2,42098,"陈国辉","杨幂/李易峰/陈数","喜剧/爱情","中国大陆",15956,2015-12-03,"国产"
365,"看不见的客人 Contratiempo",8.7,241410,"奥里奥尔・保罗","马里奥・卡萨斯/阿娜・瓦格纳/何塞・科罗纳多","犯罪/悬疑/惊悚","西班牙",16361,2017-09-15,"进口"
366,"关云长",4.9,67153,"麦兆辉/庄文强","甄子丹/姜文/孙俪","动作/传记/剧情/历史","中国大陆/香港",15876,2011-04-26,"国产"
367,"小王子 Le Petit Prince",8,138256,"马克・奥斯本","杰夫・布里吉斯/麦肯吉・弗依/瑞秋・麦克亚当斯","动画/奇幻","法国",15826,2015-10-16,"进口"
368,"大海啸之鲨口逃生 Bait 3D",5.4,16557,"金波・兰道","沙妮・文森/泽维尔・塞缪尔/朱利安・麦克马洪","动作/惊悚/灾难","澳大利亚",15771,2012-10-12,"国产"
369,"夏有乔木 雅望天堂",4.7,44980,"赵真奎","吴亦凡/韩庚/卢杉","爱情","中国大陆",15637,2016-08-05,"国产"
370,"消失的子弹",6.5,78356,"罗志良","谢霆锋/刘青云/杨幂","动作/悬疑/犯罪","中国大陆/香港",15611,2012-08-14,"国产"
371,"冲上云霄 n上霄",4.4,38911,"叶伟信/邹凯光","古天乐/郑秀文/吴镇宇","剧情/爱情","香港/中国大陆",15606,2015-02-19,"国产"
372,"特殊身份",3.9,53142,"霍耀良","甄子丹/景甜/安志杰","动作/犯罪","中国大陆",15576,2013-10-18,"国产"
373,"大笑江湖",4.5,61615,"朱延平","小沈阳/林熙蕾/赵本山","动作/古装","中国大陆/台湾",15482,2010-12-03,"国产"
374,"冰川时代3 Ice Age: Dawn of the Dinosaurs",8.2,147607,"卡洛斯・萨尔达尼亚/麦克・特米尔","雷・罗马诺/约翰・雷吉扎莫/丹尼斯・利瑞","喜剧/动画/冒险","美国",15434,2009-07-08,"进口特种"
375,"快乐到家",3.2,45593,"傅华阳","何炅/谢娜/李维嘉","喜剧","中国大陆",15388,2013-01-15,"国产"
376,"十面埋伏",5.7,99094,"张艺谋","章子怡/刘德华/金城武","剧情/武侠/古装","中国大陆/香港",15360,2004-07-16,"国产"
377,"非凡任务",6.4,40623,"麦兆辉/潘耀明","黄轩/段奕宏/郎月婷","剧情/动作/犯罪","中国大陆",15283,2017-03-31,"国产"
378,"鸿门宴传奇",6.3,80371,"李仁港","黎明/冯绍峰/刘亦菲","剧情/动作/历史/爱情/古装","中国大陆/香港",15244,2011-11-29,"国产"
379,"黄金大劫案",6.8,131678,"宁浩","雷佳音/陶虹/程媛媛","剧情/喜剧/动作/历史/爱情/战争","中国大陆",15146,2012-04-23,"国产"
380,"蜘蛛侠3 Spider-Man 3",7,99962,"山姆・雷米","托比・马奎尔/克斯汀・邓斯特/詹姆斯・弗兰科","动作/科幻/冒险","美国",14971,2007-05-01,"进口分账"
381,"被偷走的那五年",5.8,101781,"黄真真","白百何/张孝全/范玮琪","爱情","中国大陆",14913,2013-08-29,"国产"
382,"谜城",5.5,31998,"林岭东","古天乐/余文乐/佟丽娅","动作/犯罪/惊悚","中国大陆/香港",14911,2015-07-30,"国产"
383,"大上海",6.6,57818,"王晶","周润发/黄晓明/洪金宝","剧情/动作","中国大陆/香港",14899,2012-12-21,"国产"
384,"遗落战境 Oblivion",6.9,91956,"约瑟夫・科辛斯基","汤姆・克鲁斯/摩根・弗里曼/欧嘉・柯瑞兰寇","动作/科幻/悬疑/冒险","美国",14864,2013-05-10,"进口分账"
385,"哆啦A梦：大雄的南极冰冰凉大冒险 ドラえもん のび太の南Oカチコチ大冒",6.6,13042,"高桥敦史","水田山葵/大原惠美/嘉数由美","动画/冒险","日本",14853,NA,"进口"
386,"移动迷宫 The Maze Runner",6.8,106460,"韦斯・鲍尔","迪伦・欧布莱恩/阿梅尔・艾米恩/李起弘","动作/科幻","美国/加拿大/英国",14818,2014-10-28,"进口分账"
387,"太极1：从零开始",5.7,70209,"冯德伦","袁晓超/梁家辉/杨颖","喜剧/动作/奇幻/武侠/古装","中国大陆",14711,2012-09-27,"国产"
388,"山楂树之恋",6.6,183995,"张艺谋","周冬雨/窦骁/奚美娟","剧情/爱情","中国大陆",14662,2010-09-15,"国产"
389,"毒战 毒",7.2,111932,"杜琪峰","孙红雷/古天乐/黄奕","剧情/动作/犯罪","中国大陆/香港",14650,2013-04-02,"国产"
390,"破风 破L",7.2,72256,"林超贤","彭于晏/窦骁/崔始源","剧情/运动","香港/中国大陆",14523,2015-08-06,"国产"
391,"哈利・波特与凤凰社 Harry Potter and the Order of the Phoenix",7.7,150081,"大卫・叶茨","丹尼尔・雷德克里夫/艾玛・沃森/鲁伯特・格林特","奇幻/冒险","英国/美国",14515,2007-08-10,"进口分账"
392,"万物生长",5.8,96737,"李玉","范冰冰/韩庚/齐溪","喜剧/爱情","中国大陆",14500,2015-04-17,"国产"
393,"锦衣卫",5.9,101136,"李仁港","甄子丹/赵薇/吴尊","剧情/动作/惊悚/武侠/古装","中国大陆/香港/新加坡",14470,2010-02-03,"国产"
394,"惊天魔盗团 Now You See Me",7.5,248233,"路易斯・莱特里尔","杰西・艾森伯格/艾拉・菲舍尔/伍迪・哈里森","犯罪/悬疑/奇幻","美国/法国",14351,2013-10-10,"进口"
395,"饥饿游戏3：嘲笑鸟(下) The Hunger Games: Mockingjay - Part 2",6.1,62371,"弗朗西斯・劳伦斯","詹妮弗・劳伦斯/乔什・哈切森/利亚姆・海姆斯沃斯","动作/科幻/冒险","美国",14342,2015-11-20,"进口分账"
396,"圆梦巨人 The BFG",6.7,43968,"史蒂文・斯皮尔伯格","鲁比・巴恩希尔/马克・里朗斯/比尔・哈德尔","奇幻/冒险","美国/英国",14322,2016-10-14,"进口"
397,"白鹿原",6.2,81835,"王全安","张丰毅/张雨绮/段奕宏","剧情/历史","中国大陆",14299,2012-09-15,"国产"
398,"喜羊羊与灰太狼之兔年顶呱呱",6.2,7588,"赵崇邦","祖丽晴/张琳/邓玉婷","喜剧/动画","中国大陆",14230,2011-01-21,"国产"
399,"007：大破量子危机 Quantum of Solace",6.4,66371,"马克・福斯特","丹尼尔・克雷格/朱迪・丹奇/欧嘉・柯瑞兰寇","动作/冒险/惊悚","英国/美国",1,2008-11-05,"进口分账"
400,"冰封：重生之门",3.6,25293,"罗永昌","甄子丹/王宝强/黄圣依","喜剧/动作/奇幻","中国大陆",14177,2014-04-25,"国产"
401,"精武风云・陈真",6,55897,"刘伟强","甄子丹/舒淇/黄秋生","动作","香港/中国大陆",14122,2010-09-21,"国产"
402,"倩女幽魂",5.3,81390,"叶伟信","刘亦菲/古天乐/余少群","剧情/奇幻/惊悚/古装","中国大陆/香港",14029,2011-04-19,"国产"
403,"青蜂侠 The Green Hornet",5.7,61454,"米歇尔・贡德里","塞斯・罗根/周杰伦/卡梅隆・迪亚兹","喜剧/动作/犯罪","美国",14021,2011-02-08,"进口分账"
404,"少林寺",7.9,35046,"张鑫炎","李连杰/于海/丁岚","动作/武侠/古装","中国大陆/香港",1,1982-09-30,"国产"
405,"里约大冒险 Rio",8.3,217142,"卡洛斯・萨尔达尼亚","杰西・艾森伯格/安妮・海瑟薇/乔治・洛佩兹","喜剧/动画/冒险","美国",13967,2011-04-08,"进口特种"
406,"王牌保镖 The Hitman's Bodyguard",7.3,44243,"帕特里克・休斯","瑞恩・雷诺兹/塞缪尔・杰克逊/加里・奥德曼","喜剧/动作/犯罪","美国/中国大陆/保加利亚/荷兰",13916,2017-09-22,"进口"
407,"安德的游戏 Ender's Game",6.9,99852,"加文・胡德","阿萨・巴特菲尔德/哈里森・福特/海莉・斯坦菲尔德","动作/科幻/冒险","美国",13887,2014-01-07,"进口分账"
408,"蓝精灵2 The Smurfs 2",6.4,18649,"拉加・高斯内尔","尼尔・帕特里克・哈里斯/布莱丹・格里森/汉克・阿扎利亚","喜剧/动画/奇幻","美国",13844,2013-09-12,"进口特种"
409,"生化危机4：战神再生 Resident Evil: Afterlife",6.3,101252,"保罗・安德森","米拉・乔沃维奇/艾丽・拉特/温特沃斯・米勒","动作/科幻/恐怖","德国/法国/美国/加拿大",13795,2010-11-16,"进口"
410,"色，戒",8.1,239735,"李安","梁朝伟/汤唯/陈冲","剧情/爱情/情色","美国/中国大陆/台湾/香港",13757,2007-11-01,"国产"
411,"非常幸运",4.5,46119,"丹尼・高顿","章子怡/王力宏/林心如","喜剧/爱情","中国大陆/香港",13714,2013-09-17,"国产"
412,"赛车总动员3：极速挑战 Cars 3",7.2,8802,"布莱恩・菲","欧文・威尔逊/克里斯黛拉・阿朗索/克里斯・库珀","喜剧/动画/冒险","美国",13705,2017-08-25,"进口分账"
413,"爱 ",7,186113,"钮承泽","赵薇/舒淇/阮经天","剧情/爱情","台湾/中国大陆",13680,2012-02-13,"国产"
414,"致命伴旅 The Tourist",6.6,126761,"弗洛里安・亨克尔・冯・多纳斯马尔克","约翰尼・德普/安吉丽娜・朱莉/卢夫斯・塞维尔","剧情/悬疑/惊悚","美国/法国/意大利",13671,2011-02-13,"进口分账"
415,"追凶者也",7.6,112680,"曹保平","刘烨/张译/段博文","剧情/喜剧/犯罪","中国大陆",13587,2016-09-14,"国产"
416,"异星觉醒 Life",6.5,85121,"丹尼尔・伊斯皮诺萨","杰克・吉伦哈尔/丽贝卡・弗格森/瑞恩・雷诺兹","科幻/惊悚/恐怖","美国",13559,2017-05-19,"进口分账"
417,"特种部队：眼镜蛇的崛起 G.I. Joe: The Rise of Cobra",7.2,111403,"斯蒂芬・索莫斯","查宁・塔图姆/西耶娜・米勒/约瑟夫・高登-莱维特","动作/冒险/科幻/惊悚","美国/捷克",13453,2009-08-07,"进口分账"
418,"但丁密码 Inferno",6.2,58349,"朗・霍华德","汤姆・汉克斯/菲丽希缇・琼斯/本・福斯特","悬疑/惊悚","美国/匈牙利",13429,2016-10-28,"进口分账"
419,"王朝的女人・杨贵妃",3.6,33376,"十庆","范冰冰/黎明/吴尊","爱情/古装","中国大陆",13426,2015-07-30,"国产"
420,"逃出生天",6.7,35631,"彭发/彭顺","古天乐/刘青云/陈思诚","剧情/灾难","香港/中国大陆",13377,2013-09-30,"国产"
421,"十万个冷笑话2",7.5,34288,"卢恒宇/李姝洁","山新/郝祥海/李姝洁","喜剧/动画/奇幻","中国大陆",13364,2017-08-18,"国产"
422,"越光宝盒",5.2,109426,"刘镇伟","孙俪/郑中基/朱茵","喜剧/奇幻","中国大陆/香港",13297,2010-03-18,"国产"
423,"全城热恋",6.3,202673,"夏永康/陈国辉","张学友/刘若英/谢霆锋","喜剧/爱情","香港/美国/中国大陆",13290,2010-02-11,"国产"
424,"高跟鞋先生",5,11587,"陆可","杜江/薛凯琪/余心恬","喜剧/爱情","中国大陆",13001,2016-02-14,"国产"
425,"夜宴",5.6,91947,"冯小刚","章子怡/葛优/吴彦祖","剧情/动作/古装","中国大陆",13000,2006-09-14,"国产"
426,"杜拉拉升职记",5.6,174082,"徐静蕾","徐静蕾/黄立行/莫文蔚","喜剧/剧情/爱情","中国大陆",12987,2010-04-15,"国产"
427,"环形使者 Looper",6.8,125622,"莱恩・约翰逊","约瑟夫・高登-莱维特/布鲁斯・威利斯/艾米莉・布朗特","动作/科幻/惊悚","美国/中国大陆",12983,2012-09-28,"进口分账"
428,"前任攻略",6.2,110724,"田羽生","韩庚/姚星彤/郑恺","喜剧/爱情","中国大陆",12973,2014-01-31,"国产"
429,"逆战",6.4,59301,"林超贤","周杰伦/谢霆锋/林鹏","剧情/动作/犯罪/惊悚","香港/中国大陆",12954,2012-01-17,"国产"
430,"枪王之王",6.6,102859,"尔冬升","古天乐/吴彦祖/李冰冰","动作/悬疑/惊悚","香港/中国大陆",12943,2010-07-01,"国产"
431,"28岁未成年",5.7,53571,"张末","倪妮/霍建华/马苏","喜剧/爱情/奇幻","中国大陆",12928,2016-12-09,"国产"
432,"玩命速递：重启之战 The Transporter Refueled",5.9,24660,"卡米尔・狄拉玛","艾德・斯克林/雷・史蒂文森/洛安・沙巴诺尔","动作/犯罪/惊悚","法国/中国大陆/比利时",12836,2015-11-20,"进口"
433,"铁甲钢拳 Real Steel",8.1,158365,"肖恩・利维","休・杰克曼/达科塔・高尤/凯文・杜兰","剧情/动作/科幻/运动","美国/印度",12805,2011-11-08,"进口分账"
434,"睡在我上铺的兄弟",5,21141,"张琦","陈晓/秦岚/杜天皓","剧情/爱情","中国大陆",12782,2016-04-01,"国产"
435,"喜羊羊与灰太狼之虎虎生威",6.8,15070,"赵崇邦","谢天华/王祖蓝/邓丽欣","儿童/动画","中国大陆",12750,2010-01-29,"国产"
436,"超验骇客 Transcendence",6.5,62090,"沃利・菲斯特","约翰尼・德普/丽贝卡・豪尔/保罗・贝坦尼","动作/爱情/科幻","美国/中国大陆/英国",12633,2014-04-18,"进口分账"
437,"大卫贝肯之倒霉特工熊",4.4,2579,"李清舫","汤水雨/徐佳琦/杨默","喜剧/动画/冒险/家庭","中国大陆",12625,2017-01-13,"国产"
438,"加勒比海盗3：世界的尽头 Pirates of the Caribbean: At World's End",8,181618,"戈尔・维宾斯基","约翰尼・德普/杰弗里・拉什/奥兰多・布鲁姆","动作/冒险/奇幻","美国",12600,2007-06-12,"进口分账"
439,"极限挑战之皇家宝藏",4.3,25425,"任静/严敏","黄渤/孙红雷/黄磊","喜剧/悬疑","中国大陆",12549,2016-01-15,"国产"
440,"父子雄兵",4.7,18688,"袁卫东","大鹏/范伟/张天爱","喜剧","中国大陆",12528,2017-07-21,"国产"
441,"喜羊羊与灰太狼之喜气羊羊过蛇年",5.2,3426,"简耀宗","祖晴/梁颖/张琳","喜剧/动画/家庭/冒险","中国大陆",12524,2013-01-24,"国产"
442,"傲娇与偏见",5,21863,"李海蜀/黄彦威","迪丽热巴/张云龙/高伟光","喜剧/爱情","中国大陆",12409,2017-04-20,"国产"
443,"纳尼亚传奇3：黎明踏浪号 The Chronicles of Narnia: The Voyage of the Dawn Treader",6.5,45530,"迈克尔・艾普特","本・巴恩斯/斯堪德・凯恩斯/乔芝・韩莉","剧情/奇幻/冒险","美国",12391,2011-01-07,"进口分账"
444,"罗曼蒂克消亡史",7.7,187273,"程耳","葛优/章子怡/浅野忠信","剧情/动作/悬疑","中国大陆/香港",12296,2016-12-16,"国产"
445,"决战食神",4.7,21167,"叶伟民","葛优/谢霆锋/唐嫣","剧情/动作","中国大陆/香港",12203,2017-02-10,"国产"
446,"分歧者3：忠诚世界 The Divergent Series: Allegiant",5.7,25264,"罗伯特・斯文克","谢琳・伍德蕾/提奥・詹姆斯/杰夫・丹尼尔斯","动作/爱情/科幻/冒险","美国",12202,2016-05-20,"进口"
447,"天才眼镜狗 Mr. Peabody & Sherman",7.4,47933,"罗伯・明可夫","泰・布利尔/麦克斯・查尔斯/罗莉・弗雷泽","喜剧/科幻/动画/冒险","美国",12097,2014-03-28,"进口分账"
448,"天台爱情",6.8,107868,"周杰伦","周杰伦/王学圻/曾志伟","喜剧/动作/爱情/歌舞","中国大陆/香港/台湾",12001,2013-07-11,"国产"
449,"天下无贼",7.7,219909,"冯小刚","刘德华/刘若英/王宝强","动作/犯罪/剧情","中国大陆/香港",1,2004-12-06,"国产"
450,"精灵旅社2 Hotel Transylvania 2",7.4,59928,"格恩迪・塔塔科夫斯基","亚当・桑德勒/安迪・萨姆伯格/赛琳娜・戈麦斯","喜剧/动画/奇幻","美国",11960,2015-10-27,"进口"
451,"玩具总动员3 Toy Story 3",8.8,187717,"李・昂克里奇","汤姆・汉克斯/蒂姆・艾伦/琼・库萨克","喜剧/动画/奇幻/冒险","美国",11937,2010-06-16,"进口特种"
452,"创：战纪 TRON: Legacy",6.4,69622,"约瑟夫・科辛斯基","加内特・赫德兰/奥利维亚・王尔德/杰夫・布里吉斯","动作/冒险/科幻/惊悚","美国",11934,2011-01-10,"进口分账"
453,"博物馆奇妙夜2 Night at the Museum: Battle of the Smithsonian",6.8,95685,"肖恩・利维","本・斯蒂勒/艾米・亚当斯/欧文・威尔逊","喜剧/动作/奇幻/冒险","美国/加拿大",11933,2009-05-26,"进口分账"
454,"战马 War Horse",8,154058,"史蒂文・斯皮尔伯格","杰瑞米・艾文/彼得・穆兰/艾米丽・沃森","剧情/战争","美国",11918,2012-02-28,"进口分账"
455,"太极2：英雄崛起",6,42115,"冯德伦","梁家辉/袁晓超/杨颖","喜剧/动作/奇幻/武侠/古装","中国大陆",11848,2012-10-25,"国产"
456,"佩小姐的奇幻城堡 Miss Peregrine's Home for Peculiar Children",7.2,86167,"蒂姆・波顿","阿萨・巴特菲尔德/伊娃・格林/塞缪尔・杰克逊","剧情/奇幻/冒险","美国",11839,2016-12-02,"进口分账"
457,"我的个神啊 PK",8.3,170670,"拉吉库马尔・希拉尼","阿米尔・汗/安努舒卡・莎玛/桑杰・达特","喜剧/奇幻","印度",11818,2015-05-22,"进口"
458,"夺命深渊 Sanctum",7.3,27375,"阿里斯特・格里尔森","瑞斯・维克菲尔德/艾莉森・克拉特切莉/AliceParkinson","剧情/动作/惊悚/冒险","美国/澳大利亚",11815,2011-09-08,"进口"
459,"激战 激",7.8,107766,"林超贤","张家辉/彭于晏/李馨巧","剧情/动作/运动","香港/中国大陆",11804,2013-08-16,"国产"
460,"丁丁历险记 The Adventures of Tintin: The Secret of the Unicorn",7.6,89132,"史蒂文・斯皮尔伯格","杰米・贝尔/安迪・瑟金斯/丹尼尔・克雷格","动作/动画/悬疑/冒险","美国/新西兰",11751,2011-11-15,"进口分账"
461,"空中营救 Non-Stop",7.5,74741,"佐米・希尔拉","连姆・尼森/朱丽安・摩尔/斯科特・麦克纳里","动作/悬疑/惊悚/灾难","英国/法国/美国",11738,2014-09-19,"进口"
462,"终结者2018 Terminator Salvation",6.7,63127,"约瑟夫・麦克金提・尼彻","克里斯蒂安・贝尔/萨姆・沃辛顿/穆恩・布拉得古德","动作/冒险/科幻/惊悚","美国/德国/英国/意大利",11673,2009-06-09,"进口分账"
463,"梅兰芳",6.9,88371,"陈凯歌","黎明/章子怡/孙红雷","传记/剧情/历史","中国大陆",11670,2008-12-04,"国产"
464,"生死抉择",6.2,1919,"于本正","王庆祥/廖京生/左翎","剧情","中国大陆",11650,2000-09-28,"国产"
465,"全面回忆 Total Recall",7,86493,"伦・怀斯曼","科林・法瑞尔/凯特・贝金赛尔/杰西卡・贝尔","动作/科幻/惊悚/冒险","美国/加拿大",11642,2012-10-20,"进口分账"
466,"明日世界 Tomorrowland",6.2,42762,"布拉德・伯德","布丽特・罗伯森/乔治・克鲁尼/拉菲・卡西迪","动作/科幻/冒险","美国/西班牙",11641,2015-05-26,"进口分账"
467,"爸爸的假期",4,11780,"王岳伦","郭涛/林志颖/张亮","喜剧/家庭","中国大陆",11599,2015-02-19,"国产"
468,"飓风营救2 Taken 2",6.7,69996,"奥利维尔・米加顿","连姆・尼森/玛姬・格蕾斯/法米克・詹森","剧情/动作/犯罪","法国",11509,2012-10-07,"进口分账"
469,"惊天破",3.9,17165,"吴品儒","谢霆锋/刘青云/佟丽娅","剧情/动作/犯罪/悬疑","中国大陆/香港",11438,2016-10-21,"国产"
470,"狂怒 Fury",7.8,96388,"大卫・阿耶","布拉德・皮特/希亚・拉博夫/罗根・勒曼","剧情/动作/战争","英国/中国大陆/美国",11426,2014-11-21,"进口"
471,"关键第四号 I Am Number Four",6.1,56347,"D・J・卡卢索","亚历克斯・帕蒂弗/蒂莫西・奥利芬特/泰莉莎・帕尔墨","动作/科幻/惊悚","美国",11417,2011-02-26,"进口分账"
472,"鲛珠传",4.4,16691,"杨磊","王大陆/张天爱/任达华","喜剧/动作/爱情/奇幻","中国大陆/香港",11359,2017-08-11,"国产"
473,"游龙戏凤 [蝤P",6,56508,"刘伟强","刘德华/舒淇/何韵诗","爱情","香港",11359,2009-01-26,"国产"
474,"极速蜗牛 Turbo",7.1,31503,"大卫・索伦","瑞恩・雷诺兹/保罗・吉亚玛提/迈克尔・佩纳","喜剧/动画/冒险","美国",11327,2013-09-18,"进口分账"
475,"大明猩 <U+BBF8><U+C2A4><U+D130> <U+ACE0>",5.4,12811,"金容华","徐娇/成东日/金康宇","剧情/喜剧/运动","中国大陆/韩国",11307,2013-07-18,"国产"
476,"大灌篮",5.2,85905,"朱延平","周杰伦/陈柏霖/陈楚河","喜剧/运动","中国大陆/香港/台湾",1,2008-02-07,"国产"
477,"亲密敌人",5.6,56359,"徐静蕾","徐静蕾/黄立行/梁咏琪","剧情/爱情","中国大陆",11260,2011-12-23,"国产"
478,"九条命 Nine Lives",6.9,55133,"巴里・索南菲尔德","凯文・史派西/詹妮弗・加纳/玛丽娜・维丝曼","喜剧/奇幻/家庭","法国/中国大陆",11202,2016-09-09,"进口"
479,"不可思异",3.8,14494,"孙周","王宝强/小沈阳/大鹏","剧情/喜剧/科幻","中国大陆",11182,2015-12-04,"国产"
480,"木乃伊3 The Mummy: Tomb of the Dragon Emperor",5.4,63327,"罗伯・科恩","布兰登・费舍/李连杰/玛丽亚・贝罗","动作/冒险/奇幻/惊悚","美国/德国",11090,2008-09-02,"国产"
481,"生化危机5：惩罚 Resident Evil: Retribution",5.6,94151,"保罗・安德森","米拉・乔沃维奇/米歇尔・罗德里格兹/西耶娜・盖尔利","动作/科幻/恐怖","德国/加拿大/美国/法国",11051,2013-03-17,"进口"
482,"一个人的武林",6.2,42417,"陈德森","甄子丹/王宝强/杨采妮","动作/惊悚","中国大陆/香港",11047,2014-10-31,"国产"
483,"疯狂的赛车",7.9,170191,"宁浩","黄渤/戎祥/九孔","动作/冒险/喜剧","中国大陆",10904,2009-01-20,"国产"
484,"降临 Arrival",7.7,188246,"丹尼斯・维伦纽瓦","艾米・亚当斯/杰瑞米・雷纳/福里斯特・惠特克","剧情/科幻","美国",10877,2017-01-20,"进口分账"
485,"极盗车神 Baby Driver",7.1,68188,"埃德加・赖特","安塞尔・艾尔高特/凯文・史派西/杰米・福克斯","动作/犯罪/音乐","英国/美国",10871,2017-08-25,"进口分账"
486,"不惧风暴 Into the Storm",6.7,20196,"史蒂文・奎里","理查德・阿米蒂奇/莎拉・韦恩・卡丽丝/马特・沃尔什","动作/灾难","美国",10862,2014-09-12,"进口分账"
487,"魔警",5.9,44371,"林超贤","吴彦祖/张家辉/思漩","动作/犯罪/悬疑/惊悚","香港/中国大陆",10844,2014-04-18,"国产"
488,"十万个冷笑话",6.3,64377,"卢恒宇/李姝洁","阿杰/皇贞季/宝木中阳","喜剧/动画/奇幻","中国大陆",10799,2014-12-31,"国产"
489,"二次曝光",6.1,105774,"李玉","范冰冰/冯绍峰/霍思燕","剧情/爱情/悬疑","中国大陆",10763,2012-09-29,"国产"
490,"分歧者2：绝地反击 Insurgent",5.8,40521,"罗伯特・斯文克","谢琳・伍德蕾/提奥・詹姆斯/凯特・温丝莱特","动作/爱情/科幻/冒险","美国",10759,2015-06-19,"进口分账"
491,"航海王之黄金城 ONE PIECE FILM GOLD",7.7,31146,"m元宏彰","田中真弓/中井和哉/冈村明美","剧情/动作/动画/冒险","日本",10732,2016-11-11,"进口"
492,"杨善洲",7.2,1587,"董玲","李雪健/奚美娟/陶虹","剧情/传记","中国大陆",10706,2011-07-19,"国产"
493,"猎神：冬日之战 The Huntsman: Winter's War",5.4,21660,"塞德里克・萨科","克里斯・海姆斯沃斯/查理兹・塞隆/艾米莉・布朗特","剧情/动作/奇幻/冒险","美国",10628,2016-04-22,"进口分账"
494,"东北往事之破马张飞",3.6,12284,"郭大雷","贾乃亮/马丽/王迅","喜剧/动作","中国大陆",10616,2017-02-03,"国产"
495,"达・芬奇密码 The Da Vinci Code",7.2,141433,"朗・霍华德","汤姆・汉克斯/奥黛丽・塔图/伊恩・麦克莱恩","悬疑/惊悚","美国/马耳他/法国/英国",10583,2006-05-19,"进口分账"
496,"全民超人汉考克 Hancock",6.7,123355,"彼得・博格","威尔・史密斯/查理兹・塞隆/杰森・贝特曼","动作/犯罪/奇幻","美国",10500,2008-07-02,"进口分账"
497,"霍元甲",6.6,87620,"于仁泰","李连杰/董勇/孙俪","剧情/传记/动作","美国/中国大陆/香港",10500,2006-01-25,"国产"
498,"珍珠港 Pearl Harbor",7.8,139484,"迈克尔・贝","本・阿弗莱克/乔什・哈奈特/凯特・贝金赛尔","剧情/历史/爱情/战争","美国",10500,2001-08-10,"进口分账"
499,"大内密探灵灵狗 大让芴届``狗",5,107803,"王晶","古天乐/徐熙媛/佟大为","喜剧","香港/中国大陆/台湾",10436,2009-07-30,"国产"
500,"超能查派 Chappie",7.2,75920,"尼尔・布洛姆坎普","休・杰克曼/西格妮・韦弗/沙尔托・科普雷","动作/科幻/惊悚","美国/墨西哥/南非",10374,2015-05-08,"进口"
501,"哆啦A梦：新・大雄的日本诞生 ドラえもん 新<U+30FB>のび太の日本Q生",7.1,26217,"八锹新之介","水田山葵/大原惠美/嘉数由美","动画","日本",10359,2016-07-22,"进口"
502,"超脑48小时 Criminal",6.4,32340,"阿里尔・弗罗门","凯文・科斯特纳/加里・奥德曼/汤米・李・琼斯","剧情/动作/犯罪/悬疑/惊悚","英国/美国",10354,2016-05-13,"进口"
503,"铜雀台",5,41724,"赵林山","周润发/刘亦菲/苏有朋","剧情/古装","中国大陆",10345,2012-09-26,"国产"
504,"赛尔号大电影6：圣者无敌",4.9,786,"王章俊","罗玉婷/翟巍/王晓彤","儿童/喜剧/动画/奇幻/冒险","中国大陆",10326,2017-08-18,"国产"
505,"火影忍者剧场版：博人传 BORUTO -NARUTO THE MOVIE-",8.4,47126,"山下宏幸","三瓶由布子/菊池心/竹内顺子","动作/动画/冒险","日本",10320,2016-02-18,"进口"
506,"财神客栈",5.3,35944,"王晶","谢霆锋/张家辉/黄奕","喜剧/动作/悬疑/古装","中国大陆/香港",10314,2011-06-28,"国产"
507,"游戏规则",4.3,4505,"高希希","何润东/黄子韬/古力娜扎","剧情/动作","中国大陆",10313,2017-02-10,"国产"
508,"辛亥革命",6.2,28495,"张黎/成龙","赵文u/成龙/李冰冰","剧情/历史","中国大陆",10275,2011-09-23,"国产"
509,"白日焰火",7.1,163534,"刁亦男","廖凡/桂纶镁/王学兵","剧情/犯罪/悬疑","中国大陆",10242,2014-03-21,"国产"
510,"金刚 King Kong",7.8,168485,"彼得・杰克逊","娜奥米・沃茨/杰克・布莱克/艾德里安・布洛迪","剧情/动作/爱情/冒险","新西兰/美国/德国",10231,2006-01-14,"进口分账"
511,"绝命海拔 Everest",7.4,45143,"巴塔萨・科马库","杰森・克拉科/乔什・布洛林/约翰・浩克斯","剧情/传记/冒险","英国/美国/冰岛",10212,2015-11-03,"进口分账"
512,"真实的谎言 True Lies",8.1,96866,"詹姆斯・卡梅隆","阿诺・施瓦辛格/杰米・李・柯蒂斯/汤姆・阿诺德","喜剧/动作/惊悚","美国",10200,1995-04-14,"进口分账"
513,"鲨滩 The Shallows",7.1,62696,"佐米・希尔拉","布蕾克・莱弗利/奥斯卡・贾恩那达/布莱特・卡伦","惊悚/冒险","美国",10165,2016-09-09,"进口分账"
514,"孔子",5.3,60084,"胡玫","周润发/周迅/陈建斌","传记/剧情","中国大陆/香港",10139,2010-01-22,"国产"
515,"临时同居 失偌弊",5,27383,"卓韵芝","张家辉/郑秀文/杨颖","喜剧/爱情","香港/中国大陆",10110,2014-08-21,"国产"
516,"绝世高手",6.2,49605,"卢正雨","卢正雨/郭采洁/范伟","喜剧/动作","中国大陆",10087,2017-07-07,"国产"
517,"三少爷的剑",4.9,49240,"尔冬升","林更新/何润东/江一燕","剧情/动作/武侠/古装","中国大陆",10074,2016-12-02,"国产"
518,"三人行",5.9,70188,"杜琪峰","赵薇/古天乐/钟汉良","剧情/动作/犯罪","中国大陆/香港",10042,2016-06-24,"国产"
519,"像素大战 Pixels",6.1,54197,"克里斯・哥伦布","亚当・桑德勒/凯文・詹姆斯/米歇尔・莫纳汉","喜剧/动作/科幻","美国/中国大陆",10024,2015-09-15,"进口特种"
520,"冈仁波齐",7.7,58662,"张杨","尼玛扎堆/杨培/索朗卓嘎","剧情","中国大陆",10010,2017-06-20,"国产"
521,"叶问 ~",7.5,190222,"叶伟信","甄子丹/任达华/熊黛林","动作/传记/剧情/历史","香港/中国大陆",10000,2008-12-12,"国产"
522,"帕丁顿熊 Paddington",7.6,100771,"保罗・金","本・卫肖/妮可・基德曼/休・博内威利","喜剧/家庭","英国/法国",9992,2015-03-05,"进口"
523,"雷神 Thor",6.6,122365,"肯尼思・布拉纳","克里斯・海姆斯沃斯/汤姆・希德勒斯顿/娜塔莉・波特曼","动作/奇幻/冒险","美国",9823,2011-05-08,"进口分账"
524,"庞贝末日 Pompeii",6,23893,"保罗・安德森","基特・哈灵顿/凯瑞-安・莫斯/艾米莉・布朗宁","动作/爱情/冒险/灾难","加拿大/德国/美国",9754,2014-08-15,"进口"
525,"侠探杰克 Jack Reacher",6.1,49451,"克里斯托弗・麦奎里","汤姆・克鲁斯/裴淳华/理查德・詹金斯","动作/惊悚/犯罪","美国",9720,2013-02-16,"进口分账"
526,"神话",6.2,118695,"唐季礼","成龙/金喜善/梁家辉","动作/冒险/喜剧/剧情/奇幻","中国大陆/香港",9700,2005-09-23,"国产"
527,"孤岛惊魂",3.2,31029,"钟继昌","陈小春/杨幂/叶山豪","悬疑/惊悚/恐怖","中国大陆",9617,2011-07-08,"国产"
528,"单身男女 紊砟信",6.8,218353,"杜琪峰","古天乐/吴彦祖/高圆圆","喜剧/爱情","香港",9616,2011-03-31,"国产"
529,"非常完美",6,152009,"金依萌","章子怡/范冰冰/何润东","喜剧/爱情","中国大陆/韩国",9599,2009-08-14,"国产"
530,"反贪风暴 ZL暴",5.5,30153,"林德禄","古天乐/林家栋/陈静","剧情/动作/犯罪","香港/中国大陆",9533,2014-08-16,"国产"
531,"哈利・波特与火焰杯 Harry Potter and the Goblet of Fire",8.1,157987,"迈克・内威尔","丹尼尔・雷德克里夫/艾玛・沃森/鲁伯特・格林特","奇幻/冒险","英国/美国",9400,2005-11-18,"进口分账"
532,"宝贝计划 ",7.1,191807,"陈木胜","成龙/古天乐/蔡志强","动作/喜剧/剧情","香港/中国大陆",9400,2006-09-28,"国产"
533,"绑架者",4.9,24874,"徐静蕾/杨翌舒","白百何/黄立行/明道","动作/犯罪","中国大陆/台湾/香港",9388,2017-03-31,"国产"
534,"美国队长 Captain America: The First Avenger",6.5,142353,"乔・庄斯顿","克里斯・埃文斯/海莉・阿特维尔/塞巴斯蒂安・斯坦","动作/科幻/冒险","美国",9363,2011-09-09,"进口分账"
535,"绣春刀",7.5,203269,"路阳","张震/刘诗诗/王千源","剧情/动作/武侠/古装","中国大陆",9334,2014-08-07,"国产"
536,"危情谍战 Knight and Day",6.8,44848,"詹姆斯・曼高德","汤姆・克鲁斯/卡梅隆・迪亚兹/彼得・萨斯加德","动作/冒险/喜剧/惊悚","美国",9301,2010-07-06,"进口分账"
537,"007：大战皇家赌场 Casino Royale",7.4,91737,"马丁・坎贝尔","丹尼尔・克雷格/伊娃・格林/麦斯・米科尔森","动作/惊悚/犯罪","美国/英国/德国/捷克CzechRepublic/巴哈马Bahamas",9270,2007-01-29,"进口分账"
538,"头脑特工队 Inside Out",8.7,210023,"彼特・道格特/罗纳尔多・德尔・卡门","艾米・波勒/菲利丝・史密斯/理查德・坎德","喜剧/动画/冒险","美国",9229,2015-10-06,"进口分账"
539,"钢铁侠 Iron Man",7.8,213105,"乔恩・费儒","小罗伯特・唐尼/泰伦斯・霍华德/格温妮斯・帕特洛","动作/冒险/科幻/惊悚","美国",9200,2008-04-30,"进口分账"
540,"驯龙高手 How to Train Your Dragon",8.7,280008,"迪恩・德布洛斯/克里斯・桑德斯","杰伊・巴鲁切尔/杰拉德・巴特勒/克雷格・费格森","喜剧/动画/奇幻/冒险/家庭","美国",9193,2010-05-14,"进口分账"
541,"怪物史瑞克4 Shrek Forever After",7.5,43227,"迈克・米歇尔","麦克・梅尔斯/艾迪・墨菲/卡梅隆・迪亚兹","喜剧/动作/动画/冒险","美国",9099,2010-08-16,"进口分账"
542,"云中行走 The Walk",7.5,64563,"罗伯特・泽米吉斯","约瑟夫・高登-莱维特/本・金斯利/夏洛特・勒・邦","剧情/传记/冒险","美国",9076,2016-01-22,"进口分账"
543,"新大头儿子和小头爸爸2一日成才",4.2,1806,"何澄/张振益","刘纯燕/董浩/鞠萍","喜剧/动画/家庭","中国大陆",9035,2016-08-19,"国产"
544,"全城戒备",4.4,32966,"陈木胜","郭富城/舒淇/邹兆龙","动作/科幻/惊悚","香港/中国大陆",9033,2010-08-06,"国产"
545,"窃听风云 `L",7.4,168839,"麦兆辉/庄文强","刘青云/古天乐/吴彦祖","动作/剧情/惊悚","香港/中国大陆/新加坡",8983,2009-07-24,"国产"
546,"百鸟朝凤",8,107748,"吴天明","陶泽如/李岷城/嵇波","剧情","中国大陆",8917,2016-05-06,"国产"
547,"机械师 The Mechanic",6.9,82621,"西蒙・韦斯特","杰森・斯坦森/本・福斯特/托尼・戈德温","动作/剧情/惊悚","美国",8916,2012-08-02,"进口"
548,"魔宫魅影",4.7,9243,"叶伟民","林心如/杨v宁/任达华","剧情/爱情/惊悚","中国大陆/香港",8844,2016-04-29,"国产"
549,"我想和你好好的",5.8,57618,"李蔚然","冯绍峰/倪妮/钮宝平","剧情/爱情","中国大陆",8812,2013-10-12,"国产"
550,"痞子英雄之全面开战 痞子英雄",6.4,60098,"蔡岳勋","黄渤/赵又廷/杨颖","剧情/动作/犯罪","中国大陆/台湾",8769,2012-06-19,"国产"
551,"大护法",7.9,142448,"不思凡","小连杀/图特哈蒙/金士杰","喜剧/动画/奇幻/冒险","中国大陆",8761,2017-07-13,"国产"
552,"惊天战神 Immortals",5.7,19782,"塔西姆・辛","亨利・卡维尔/米基・洛克/约翰・赫特","动作/剧情/奇幻","美国",8663,2011-11-11,"进口"
553,"指环王3：王者无敌 The Lord of the Rings: The Return of the King",9.1,288597,"彼得・杰克逊","维果・莫腾森/伊利亚・伍德/西恩・奥斯汀","剧情/动作/奇幻/冒险","美国/新西兰",8630,2004-03-12,"进口分账"
554,"喜羊羊与灰太狼之牛气冲天",6.3,17303,"赵崇邦","阿牛/林峰/徐子珊","儿童/喜剧/动画","中国大陆",8621,2009-01-16,"国产"
555,"我愿意",5.8,95615,"孙周","李冰冰/孙红雷/段奕宏","喜剧/爱情","中国大陆",8544,2012-02-10,"国产"
556,"了不起的盖茨比 The Great Gatsby",7.7,262162,"巴兹・鲁赫曼","莱昂纳多・迪卡普里奥/凯瑞・穆里根/托比・马奎尔","剧情/爱情","澳大利亚/美国",8524,2013-08-30,"进口分账"
557,"花木兰",6.2,72529,"马楚成","赵薇/陈坤/胡军","冒险/剧情/爱情","中国大陆/香港",8518,2009-11-27,"国产"
558,"喜羊羊与灰太狼之飞马奇遇记",4.2,18029,"简耀宗","祖晴/张琳/白百何","喜剧/动画/奇幻/冒险/家庭","中国大陆",8487,2014-01-16,"国产"
559,"八星抱喜",4.9,21203,"陈庆嘉/秦小珍","黄百鸣/古天乐/甄子丹","喜剧","中国大陆/香港",8452,2012-01-20,"国产"
560,"整容日记",4.5,58552,"林爱华","白百何/郑中基/张瑶","喜剧/爱情","中国大陆/香港",8450,2014-04-04,"国产"
561,"麦兜响当当 兜",7.4,81353,"谢立文","黄渤/黄秋生/吴君如","动画/喜剧","中国大陆/香港",8314,2017-03-17,"国产"
562,"笔仙Ⅱ",3.9,7846,"安兵基","朴寒星/辛芷蕾/高欣宇","悬疑/惊悚","中国大陆",8259,2013-07-16,"国产"
563,"一念天堂",5.3,31373,"张承","沈腾/马丽/杜晓宇","喜剧","中国大陆",8257,2015-12-31,"国产"
564,"飞屋环游记 Up",8.9,503146,"彼特・道格特/鲍勃・彼德森","爱德华・阿斯纳/克里斯托弗・普卢默/乔丹・长井","剧情/喜剧/动画/冒险","美国",8251,2009-08-04,"进口特种"
565,"宙斯之子：赫拉克勒斯 Hercules",5.9,18006,"布莱特・拉特纳","道恩・强森/伊恩・麦柯肖恩/约翰・赫特","动作/冒险","美国",8226,2014-10-21,"进口分账"
566,"纳尼亚传奇2：凯斯宾王子 The Chronicles of Narnia: Prince Caspian",6.8,56486,"安德鲁・亚当森","乔芝・韩莉/斯堪德・凯恩斯/安娜・帕波维尔","动作/奇幻/冒险","美国/波兰/斯洛文尼亚/捷克",8200,2008-06-06,"进口分账"
567,"东成西就2011",3.9,45837,"刘镇伟","陈奕迅/莫文蔚/钟镇涛","喜剧/动作/爱情/奇幻/音乐","中国大陆/香港",8187,2011-11-24,"国产"
568,"名侦探柯南：业火的向日葵 名探丧偿圣 I火の向日葵",5.6,34123,"静野孔文","高山南/山崎和佳奈/小山力也","动画/悬疑/冒险","日本",8156,2015-10-23,"进口"
569,"独行侠 The Lone Ranger",7,53481,"戈尔・维宾斯基","约翰尼・德普/艾米・汉莫/海伦娜・伯翰・卡特","动作/西部/冒险","美国",8147,2013-10-05,"进口分账"
570,"银魂 y魂",7.3,51012,"福田雄一","小栗旬/菅田将晖/桥本环奈","喜剧/动作/奇幻/冒险","日本",8136,2017-09-01,"进口"
571,"碟中谍3 Mission: Impossible III",7.3,93191,"J・J・艾布拉姆斯","汤姆・克鲁斯/菲利普・塞默・霍夫曼/米歇尔・莫纳汉","动作/冒险/惊悚","美国/德国",8120,2006-07-20,"进口分账"
572,"所以……和黑粉结婚了",4.7,20201,"金帝荣","朴灿烈/袁姗姗/姜潮","喜剧/爱情","中国大陆/韩国",8114,2016-06-30,"国产"
573,"史前一万年 10,000 BC",5.9,30838,"罗兰・艾默里奇","史蒂文・斯崔特/卡米拉・贝勒/蒂姆・巴洛","冒险/剧情/奇幻","美国",8100,2008-03-22,"进口分账"
574,"梦想合伙人",3.9,22986,"张太维","姚晨/唐嫣/郝蕾","剧情/爱情","中国大陆",8094,2016-04-29,"国产"
575,"六福喜事",5.2,32350,"谷德昭","黄百鸣/曾志伟/吴君如","喜剧/爱情","中国大陆/香港",8069,2014-01-11,"国产"
576,"金刚狼 X-Men Origins: Wolverine",7.1,141189,"加文・胡德","休・杰克曼/列维・施瑞博尔/瑞恩・雷诺兹","动作/奇幻/科幻/惊悚","美国",8018,2009-05-03,"进口分账"
577,"大侦探福尔摩斯 Sherlock Holmes",7.5,190791,"盖・里奇","小罗伯特・唐尼/裘德・洛/瑞秋・麦克亚当斯","动作/冒险/犯罪/悬疑/惊悚","美国/德国",7997,2010-02-25,"进口分账"
578,"等风来",5.6,90702,"滕华涛","倪妮/井柏然/刘雅瑟","喜剧/爱情","中国大陆",7976,2013-12-31,"国产"
579,"惊天大逆转",7,51750,"李骏","钟汉良/李政宰/郎月婷","剧情/犯罪/悬疑","中国大陆/韩国",7866,2016-07-15,"国产"
580,"小门神",6.8,27990,"王微","高晓松/白客/易小星","喜剧/动画/奇幻","中国大陆",7863,2016-01-01,"国产"
581,"冰川时代2：融冰之灾 Ice Age: The Meltdown",8,138486,"卡洛斯・萨尔达尼亚","雷・罗马诺/约翰・雷吉扎莫/丹尼斯・利瑞","喜剧/动画/冒险","美国",7849,NA,"进口分账"
582,"逗鸟外传：萌宝满天飞 Storks",7.5,19497,"尼古拉斯・斯托勒/道格・斯威特兰德","安迪・萨姆伯格/凯蒂・克朗/凯尔希・格兰莫","喜剧/动画/奇幻/冒险","美国",7773,2016-09-23,"进口特种"
583,"王的盛宴",5.3,58307,"陆川","刘烨/吴彦祖/张震","历史/古装","中国大陆",7715,2012-11-29,"国产"
584,"消失的凶手",4.8,22121,"罗志良","刘青云/林家栋/李小璐","动作/犯罪/悬疑","中国大陆/香港",7709,2015-11-27,"国产"
585,"那些年，我们一起追的女孩 那些年，我一起追的女孩",8.1,495120,"九把刀","柯震东/陈妍希/敖犬","剧情/喜剧/爱情","台湾",7694,2012-01-06,"进口"
586,"洛克王国4：出发！巨人谷",4.7,541,"乌格斯・马特尔/曹东l","张琦/胡夏/林颖","动画/奇幻/冒险","中国大陆",7689,2015-08-13,"国产"
587,"触不可及",5.3,30681,"赵宝刚","孙红雷/桂纶镁/方中信","爱情/战争","中国大陆",7676,2014-09-19,"国产"
588,"赛尔号大电影3之战神联盟",4.5,2851,"王章俊/殷玉麒","杨欧/张安琪/樊俊航","动画/儿童/冒险","中国大陆",7673,2013-07-12,"国产"
589,"战国",3.8,31267,"金琛","孙红雷/景甜/金喜善","剧情/动作/爱情/战争/悬疑/古装","中国大陆",7671,2011-04-12,"国产"
590,"救火英雄",7.2,44067,"郭子健","谢霆锋/余文乐/任达华","动作/灾难","香港/中国大陆",7638,2014-01-03,"国产"
591,"分歧者：异类觉醒 Divergent",6.4,73904,"尼尔・博格","谢琳・伍德蕾/提奥・詹姆斯/艾什莉・贾德","动作/爱情/科幻/冒险","美国",7615,2014-09-08,"进口"
592,"赛车总动员2 Cars 2",7.6,46699,"约翰・拉塞特/布拉德・刘易斯","欧文・威尔逊/王牌接线员拉里/迈克尔・凯恩","喜剧/动画/冒险","美国",7613,2011-08-24,"进口分账"
593,"通缉令 Wanted",7.4,119511,"提莫・贝克曼贝托夫","詹姆斯・麦卡沃伊/摩根・弗里曼/安吉丽娜・朱莉","动作/犯罪/惊悚","美国/德国",7600,2008-10-09,"进口分账"
594,"我爱灰太狼2",2.7,1589,"叶凯","赵英俊/王智/蔡景森","喜剧/动画","中国大陆",7490,2013-08-01,"国产"
595,"雪国列车 <U+C124><U+AD6D><U+C5F4><U+CC28>",7.2,160892,"奉俊昊","克里斯・埃文斯/杰米・贝尔/宋康昊","剧情/动作/科幻/灾难","韩国/捷克/美国/法国",7489,2014-03-17,"进口"
596,"原谅他77次 原他77次",6.6,20296,"邱礼涛","蔡卓妍/周柏豪/诗雅","爱情","香港/中国大陆",7486,2017-06-23,"进口"
597,"英雄之战",3.1,8703,"虞军豪","陆毅/何润东/魏一","动作/爱情","中国大陆",7455,2014-03-21,"国产"
598,"伤城",6.8,78539,"刘伟强/麦兆辉","梁朝伟/金城武/徐静蕾","犯罪/剧情/惊悚","中国大陆/香港",7430,2006-12-21,"国产"
599,"逆世界 Upside Down",6.1,60394,"胡安・索拉纳斯","吉姆・斯特吉斯/克斯汀・邓斯特/蒂莫西・斯波","剧情/爱情/科幻/奇幻","加拿大/法国",7381,2013-03-07,"进口"
600,"精灵旅社 Hotel Transylvania",7.8,109369,"格恩迪・塔塔科夫斯基","亚当・桑德勒/安迪・萨姆伯格/赛琳娜・戈麦斯","喜剧/动画/奇幻","美国",7351,2013-11-01,"进口"
601,"第三种爱情",5.1,43244,"李宰汉","刘亦菲/宋承宪/欧弟","爱情","中国大陆/韩国",7326,2015-09-25,"国产"
602,"绿灯侠 Green Lantern",5.8,47861,"马丁・坎贝尔","瑞恩・雷诺兹/布蕾克・莱弗利/彼得・萨斯加德","动作/科幻","美国",7317,2011-10-20,"进口特种"
603,"血战湘江",3.7,2140,"陈力","王/徐箭/董勇","历史/战争","中国大陆",7316,2017-06-30,"国产"
604,"国家宝藏：夺宝秘笈 National Treasure: Book of Secrets",7.1,70604,"乔・德特杜巴","尼古拉斯・凯奇/贾斯汀・巴萨/黛安・克鲁格","动作/冒险/喜剧/悬疑/惊悚","美国",7300,2008-03-17,"进口分账"
605,"深海浩劫 Deepwater Horizon",7,29346,"彼得・博格","马克・沃尔伯格/迪伦・欧布莱恩/约翰・马尔科维奇","剧情/冒险/灾难","美国/香港",7266,2016-11-15,"进口"
606,"捉迷藏",5.4,23781,"刘杰","霍建华/秦海璐/万茜","犯罪/悬疑/惊悚","中国大陆",7229,2016-11-04,"国产"
607,"三国之见龙卸甲",5.1,42961,"李仁港","刘德华/洪金宝/李美琪","动作/剧情/历史/战争","中国大陆/韩国/香港",7200,2008-04-03,"国产"
608,"血滴子",4.6,43234,"刘伟强","黄晓明/阮经天/李宇春","动作/武侠/古装","中国大陆/香港",7200,2012-12-20,"国产"
609,"黑猫警长之翡翠之星",5.1,4974,"于胜军/史学刚/青松/施屹","赵路/吴天昊/林子杰","喜剧/动作/科幻/动画","中国大陆",7193,2015-08-07,"国产"
610,"斯大林格勒 Сталинград",6,13994,"费奥多尔・邦达尔丘克","彼得・费奥多罗夫/托马斯・克莱舒曼/玛丽亚・斯莫尔尼科娃","动作/战争","俄罗斯",7150,2013-10-31,"进口分账"
611,"我爱灰太狼",3,1791,"朱枫","赵娜/梁颖/祖晴","喜剧/动画/冒险","中国大陆",7130,2012-08-10,"国产"
612,"河东狮吼2",3.3,24058,"马伟豪","张柏芝/小沈阳/赵本山","喜剧/动作/爱情","中国大陆/香港",7092,2012-08-17,"国产"
613,"春娇与志明 春膳c志明",7.3,262572,"彭浩翔","杨千/余文乐/杨幂","剧情/喜剧/爱情","香港/中国大陆",7088,2012-03-30,"国产"
614,"桃姐",8.2,189995,"许鞍华","叶德娴/刘德华/秦海璐","剧情","香港",7074,2012-03-08,"国产"
615,"观音山",7.1,144440,"李玉","张艾嘉/范冰冰/陈柏霖","剧情/爱情","中国大陆",7083,2011-03-03,"国产"
616,"源代码 Source Code",8.3,395432,"邓肯・琼斯","杰克・吉伦哈尔/维拉・法米加/米歇尔・莫纳汉","剧情/动作/科幻/犯罪/惊悚","美国/加拿大",6990,2011-08-30,"进口"
617,"西风烈",5.9,29443,"高群书","段奕宏/倪大红/吴京","剧情/动作/犯罪/西部","中国大陆",6981,2010-10-28,"国产"
618,"洛克王国2：圣龙的心愿",5.7,7676,"于胜军","林颖/孙闻","动画/奇幻/冒险","中国大陆",6973,2013-01-31,"国产"
619,"一路惊喜",5,25430,"金依萌/潘安子/章家瑞/宋迪","郭采洁/萧敬腾/赵丽颖","喜剧/爱情/家庭","中国大陆",6969,2015-02-06,"国产"
620,"刺陵",3.7,50226,"朱延平","周杰伦/林志玲/陈道明","动作/冒险","中国大陆/台湾/香港",6957,2009-12-09,"国产"
621,"反转人生",5.3,19469,"伍仕贤","夏雨/闫妮/潘斌龙","喜剧/奇幻","中国大陆",6938,2017-06-29,"国产"
622,"笑功震武林",4.6,13748,"王晶/姜国民","洪金宝/吴君如/郑中基","喜剧/动作","中国大陆/香港",6935,2013-03-08,"国产"
623,"邻家特工 The Spy Next Door",6.1,65065,"布莱恩・莱温特","成龙/安贝・瓦莱塔/玛德琳・卡罗尔","喜剧/动作/家庭","美国",6928,2010-01-15,"进口"
624,"海神号 Poseidon",6.6,23334,"沃尔夫冈・彼德森","乔什・卢卡斯/库尔特・拉塞尔/杰茜达・芭瑞特","剧情/动作/冒险/灾难","美国",6883,2006-05-30,"进口分账"
625,"摩登年代",5.3,21854,"邵晓黎","徐峥/张子枫/王宣予","剧情/喜剧","中国大陆",6853,2013-08-23,"国产"
626,"有种你爱我",4.7,31688,"李欣蔓","江一燕/郑恺/于笑","喜剧/爱情","中国大陆",6831,2015-02-06,"国产"
627,"命中注定",5.7,42297,"张皓","汤唯/廖凡/苏岩","喜剧/爱情","中国大陆/香港/美国",6783,2015-07-24,"国产"
628,"喜羊羊与灰太狼之羊年喜羊羊",4.8,1486,"黄伟明","祖晴/张琳/杨阳洋","喜剧/动画/奇幻/冒险/家庭","中国大陆",6781,2015-01-31,"国产"
629,"地心历险记 Journey to the Center of the Earth",6.7,41712,"埃里克・布雷维格","布兰登・费舍/乔什・哈切森/安妮塔・布瑞姆","动作/冒险/家庭/科幻/惊悚","美国",6776,2008-09-28,"进口特种"
630,"飞天",3,4943,"王珈/沈东","刘之冰/巫刚/赵晓明","剧情","中国大陆",6756,2011-07-01,"国产"
631,"墨攻",6.1,50594,"张之亮","刘德华/安圣基/范冰冰","动作/剧情/战争","中国大陆/香港/日本/韩国",6700,2006-11-23,"国产"
632,"全球热恋",5.6,83411,"陈国辉/夏永康","刘若英/郭富城/陈奕迅","喜剧/爱情","中国大陆/香港",6674,2011-09-08,"国产"
633,"我知女人心",5.6,56241,"陈大明","刘德华/巩俐/袁立","喜剧/爱情","中国大陆/香港/韩国",6667,2011-02-03,"国产"
634,"我们诞生在中国 Born in China",8,50337,"陆川","周迅/约翰・卡拉辛斯基","剧情/纪录片","美国/英国/中国大陆",6653,2016-08-12,"国产"
635,"欢乐喜剧人",2.5,12026,"黎继强","郭德纲/岳云鹏/罗温・艾金森","喜剧","中国大陆",6596,2017-03-24,"国产"
636,"剑雨",6.9,101844,"苏照彬","杨紫琼/郑雨盛/王学圻","动作/武侠/古装","中国大陆/香港/台湾",6568,2010-09-28,"国产"
637,"神秘世界历险记3",5.9,868,"王云飞","刘校妤/孟泉霖/陆揆","动画/奇幻/冒险","中国大陆",6545,2016-07-29,"国产"
638,"危情时速 Unstoppable",7.6,39724,"托尼・斯科特","丹泽尔・华盛顿/克里斯・派恩/罗莎里奥・道森","剧情/动作/惊悚/灾难","美国",6532,2010-11-09,"进口分账"
639,"晚秋 <U+B9CC><U+CD94>",6.9,174649,"金泰勇","汤唯/玄彬/金俊成","剧情","韩国/美国/香港",6522,2012-03-23,"进口"
640,"龙之战",6.7,1098,"高峰","刘佩琦/曹云金/罗昱j","动作/历史/战争","中国大陆",6516,2017-08-04,"国产"
641,"郭明义",4.7,745,"陈国星/王竞","侯勇/姜宏波/李沁","剧情/传记","中国大陆",6508,2011-07-15,"国产"
642,"荡寇风云",6,9338,"陈嘉上","赵文卓/洪金宝/万茜","传记/动作/历史/战争/古装","中国大陆",6504,2017-05-27,"国产"
643,"门徒 T徒",7.5,124721,"尔冬升","刘德华/吴彦祖/古天乐","犯罪/剧情/惊悚","香港",6500,2007-02-13,"国产"
644,"博物馆奇妙夜 Night at the Museum",7.2,137058,"肖恩・利维","本・斯蒂勒/欧文・威尔逊/罗宾・威廉姆斯","动作/冒险/喜剧/家庭/奇幻","美国/英国",6484,2007-02-14,"进口分账"
645,"闪光少女",7.4,52550,"王冉","徐璐/彭昱畅/刘泳希","喜剧/音乐","中国大陆",6468,2017-07-20,"国产"
646,"破・局",6.4,20287,"连奕琦","郭富城/王千源/刘涛","动作/犯罪","中国大陆",6452,2017-08-17,"国产"
647,"桂宝之爆笑闯宇宙",5.1,1480,"王云飞","王云飞/阿桂/杨天翔","喜剧/科幻/动画","中国大陆/香港",6428,2015-08-06,"国产"
648,"消失爱人",4.8,9550,"黄真真","黎明/王珞丹/林俊杰","爱情/悬疑","中国大陆",6422,2016-01-15,"国产"
649,"动物总动员 Konferenz der Tiere",6.5,10386,"莱因哈德・克洛斯/HolgerTappe","克里斯托夫・玛丽亚・赫布斯特/托马斯・弗里斯奇/BastianPastewka","喜剧/动画/家庭","德国",6400,2011-06-24,"进口"
650,"疯岳撬佳人",3.4,6175,"钟少雄","岳云鹏/袁姗姗/孙坚","喜剧/爱情","中国大陆",6389,2017-02-14,"国产"
651,"无敌破坏王 Wreck-It Ralph",8.6,177938,"瑞奇・摩尔","简・林奇/约翰・C・赖利/萨拉・西尔弗曼","喜剧/动画/冒险","美国",6387,2012-11-06,"进口分账"
652,"女汉子真爱公式",4.7,11248,"郭大雷","赵丽颖/张翰/童菲","喜剧/爱情","中国大陆",6339,2016-03-18,"国产"
653,"我是路人甲",7.2,92554,"尔冬升","万国鹏/王婷/沈凯","剧情/喜剧","中国大陆/香港",6317,2015-07-02,"国产"
654,"危险关系",5.8,61537,"许秦豪","章子怡/张东健/张柏芝","剧情/爱情","中国大陆/韩国/新加坡",6316,2012-09-27,"国产"
655,"悲惨世界 Les Misérables",8.5,207467,"汤姆・霍珀","休・杰克曼/罗素・克劳/安妮・海瑟薇","剧情/爱情/音乐","美国/英国",6313,2013-02-28,"进口分账"
656,"露水红颜",4.7,33592,"高希希","刘亦菲/郑智薰/王学兵","爱情","中国大陆",6309,2014-11-07,"国产"
657,"七龙珠 Dragonball Evolution",3.7,25500,"黄毅瑜","贾斯汀・查特文/詹姆斯・马斯特斯/杰米・钟","动作/冒险/奇幻/科幻/惊悚","美国/香港/英国",6308,2009-03-14,"进口分账"
658,"玩命快递3 Transporter 3",6.8,48929,"奥利维尔・米加顿","杰森・斯坦森/NatalyaRudakova/弗朗索瓦・贝莱昂","动作/犯罪","法国",6304,2009-02-14,"进口分账"
659,"狂暴飞车 Drive Angry 3D",5.7,23734,"帕特里克・卢西尔","尼古拉斯・凯奇/艾梅柏・希尔德/凯蒂・米克松","动作/犯罪/奇幻/惊悚","美国",6291,2011-09-15,"进口"
660,"明月几时有",7,39581,"许鞍华","周迅/彭于晏/霍建华","剧情/历史/战争","中国大陆",6285,2017-07-01,"国产"
661,"尼斯湖怪：深水传说 The Water Horse",6.7,27871,"杰・拉塞尔","亚历克斯・伊特尔/艾米丽・沃森/本・卓别林","冒险/家庭/奇幻","新西兰/英国/澳大利亚",6280,2008-02-17,"进口分账"
662,"盗马记 IR",5,14368,"李志毅","梁家辉/郑伊健/陈慧琳","喜剧/动作/爱情/悬疑","中国大陆/香港",6277,2014-03-21,"国产"
663,"鼠来宝4：萌在逋 Alvin and the Chipmunks: The Road Chip",6.7,8472,"沃尔特・拜克","贾斯汀・朗/马修・格雷・古柏勒/杰西・麦卡尼","喜剧/动画/奇幻/冒险/音乐","美国",6263,2016-01-26,"进口分账"
664,"陪安东尼度过漫长岁月",6.1,53113,"秦小珍","刘畅/白百何/唐艺昕","剧情/爱情","中国大陆",6257,2015-11-13,"国产"
665,"神秘世界历险记2",6.2,498,"王云飞","刘校妤/孟泉霖/陆揆","动画/冒险/家庭","中国大陆",6246,2014-08-08,"国产"
666,"赛尔号大电影4：圣魔之战",4.6,15080,"王章俊/殷玉麒","杨鸥/张安琪/樊俊航","剧情/儿童/动画/冒险","中国大陆",6243,2014-07-11,"国产"
667,"超人归来 Superman Returns",6.5,45771,"布莱恩・辛格","布兰登・罗斯/凯特・波茨沃斯/凯文・史派西","动作/冒险/奇幻/科幻","美国",6238,2006-07-11,"进口分账"
668,"萨利机长 Sully",8.3,131329,"克林特・伊斯特伍德","汤姆・汉克斯/艾伦・艾克哈特/劳拉・琳妮","剧情/传记/灾难","美国",6221,2016-12-09,"进口分账"
669,"魔法师的学徒 The Sorcerer's Apprentice",6.1,47825,"乔・德特杜巴","尼古拉斯・凯奇/杰伊・巴鲁切尔/莫妮卡・贝鲁奇","动作/冒险/喜剧/剧情/奇幻","美国",6212,2010-09-09,"进口分账"
670,"花田喜事2010 花田质2010",5.2,56020,"黄百鸣/邱礼涛","黄百鸣/吴君如/古天乐","喜剧","中国大陆/香港",6179,2010-02-10,"国产"
671,"忠烈杨家将",6,23137,"于仁泰","郑少秋/徐帆/郑伊健","战争/古装","中国大陆/香港",6172,2013-04-04,"国产"
672,"超级快递",4.5,9442,"宋啸","陈赫/宋智孝/大卫・贝利","喜剧/动作","中国大陆/韩国/法国",6159,2016-12-02,"国产"
673,"剩者为王",5.6,51315,"落落","舒淇/彭于晏/潘虹","剧情/爱情","中国大陆/香港",6142,2015-11-06,"国产"
674,"刺客聂隐娘",7.2,126636,"侯孝贤","舒淇/张震/周韵","剧情/武侠/古装","台湾/中国大陆/香港",6134,2015-08-27,"国产"
675,"侠探杰克：永不回头 Jack Reacher: Never Go Back",5.9,20655,"爱德华・兹威克","汤姆・克鲁斯/寇碧・史莫德斯/罗伯特・克耐普","动作/犯罪","美国",6111,2016-10-21,"进口分账"
676,"纳尼亚传奇1：狮子、女巫和魔衣橱 The Chronicles of Narnia: The Lion, the Witch and the Wardrobe",7.2,104368,"安德鲁・亚当森","乔芝・韩莉/斯堪德・凯恩斯/威廉・莫斯里","剧情/奇幻/冒险","英国/美国",6100,2006-03-08,"进口分账"
677,"星际迷航 Star Trek",7.9,97218,"J・J・艾布拉姆斯","克里斯・派恩/扎克瑞・昆图/伦纳德・尼莫伊","动作/冒险/科幻","美国/德国",6087,2009-05-15,"进口分账"
678,"未来警察",3.8,33638,"王晶","刘德华/徐熙媛/徐娇","科幻","香港/台湾",6073,2010-04-15,"国产"
679,"行动目标希特勒 Valkyrie",7,35959,"布莱恩・辛格","汤姆・克鲁斯/肯尼思・布拉纳/比尔・奈伊","剧情/历史/战争","美国/德国",6030,2009-02-26,"进口分账"
680,"秦时明月之龙腾万里",6.7,20100,"沈乐平","冯骏骅/季冠霖/沈达威","动画/奇幻/冒险/武侠","中国大陆",6018,2014-08-08,"国产"
681,"他是龙 Он - дракон",7.4,91116,"因达尔・詹杜巴耶夫","马特维・雷科夫/玛利亚・波兹哈娃/斯坦尼斯拉夫・柳布申","爱情/奇幻/冒险","俄罗斯",6013,2016-08-19,"进口"
682,"外公芳龄38",4.2,12074,"安兵基","佟大为/陈妍希/吕云骢","剧情/喜剧","中国大陆/韩国",6009,2016-11-11,"国产"
683,"最爱",7.2,114436,"顾长卫","章子怡/郭富城/濮存昕","剧情/爱情","中国大陆/香港",6008,2011-05-10,"国产"
684,"无敌浩克 The Incredible Hulk",6.8,78507,"路易斯・莱特里尔","爱德华・诺顿/丽芙・泰勒/蒂姆・罗斯","动作/科幻/惊悚","美国",6000,2008-08-20,"进口分账"
685,"合约男女",4.4,9581,"刘国楠","郑秀文/张孝全/林雪","喜剧/爱情","中国大陆",5954,2017-02-14,"国产"
686,"风云2 风云Ⅱ",4.8,28220,"彭顺/彭发","郭富城/郑伊健/蔡卓妍","动作/冒险/奇幻","香港/中国",5923,2009-12-09,"国产"
687,"神笔马良",5.5,5928,"钟智行","邵亦琛/孟祥龙/洪海天","动画/奇幻","中国大陆",5874,2014-07-25,"国产"
688,"百星酒店",5.7,18097,"谷德昭","郑中基/黄百鸣/杜汶泽","喜剧/爱情","中国大陆/香港",5838,2013-02-01,"国产"
689,"笔仙",4.7,11662,"安兵基","梅婷/郭京飞/吴超","悬疑/恐怖","中国大陆",5827,2012-07-17,"国产"
690,"天际浩劫 Skyline",4.4,28653,"科林・施特劳斯/格雷格・施特劳斯","艾里克・巴弗尔/唐纳德・法森/斯考蒂・汤姆森","动作/科幻/灾难","美国",5765,2011-06-03,"进口"
691,"唐伯虎点秋香2之四大才子",4,24138,"李力持","黄晓明/周立波/任贤齐","喜剧/古装","中国大陆/香港",5757,2010-07-08,"国产"
692,"潜艇总动员3：彩虹宝藏",4.2,1181,"何子力","范楚绒/洪海天/谢元真","动画/儿童","中国大陆",5755,2013-05-31,"国产"
693,"灵魂战车2：复仇时刻 Ghost Rider: Spirit of Vengeance",5.4,34990,"马克・耐沃尔代/布莱恩・泰勒","尼古拉斯・凯奇/塞伦・希德/伊德里斯・艾尔巴","动作/奇幻/惊悚","美国",5745,2012-04-20,"进口"
694,"龙之谷：破晓奇兵",7.4,16864,"宋岳峰","胡歌/景甜/徐娇","动画/奇幻/冒险","中国大陆",5728,2014-07-31,"国产"
695,"亚瑟王：斗兽争霸 King Arthur: Legend of the Sword",7.1,37208,"盖・里奇","查理・汉纳姆/裘德・洛/阿斯特丽德・伯格斯-弗瑞斯贝","动作/奇幻/冒险","美国",5698,2017-05-12,"进口特种"
696,"加菲猫2 Garfield: A Tail of Two Kitties",7.4,58585,"TimHill","比尔・默瑞/布瑞金・梅耶/詹妮弗・洛芙・休伊特","喜剧/家庭","英国/美国",5673,2006-08-11,"进口分账"
697,"赤焰战场2 Red 2",7,46837,"迪恩・帕里索特","布鲁斯・威利斯/玛丽・露易斯・帕克/凯瑟琳・泽塔-琼斯","喜剧/动作/犯罪","美国/法国/加拿大",5666,2013-11-15,"进口"
698,"别惹我 Malavita",7.1,51342,"吕克・贝松","罗伯特・德尼罗/米歇尔・菲佛/迪安娜・阿格隆","喜剧/动作/犯罪/惊悚","法国/美国",5664,2014-03-07,"进口"
699,"赛尔号大电影5：雷神崛起",3.7,2287,"王章俊","罗玉婷/翟巍/王晓彤","剧情/儿童/动画/冒险","中国大陆",5663,2015-07-23,"国产"
700,"从天“儿”降",3.4,13685,"魏楠/魏民","陈学冬/张艺兴/姜雯","喜剧","中国大陆",5662,2015-12-04,"国产"
701,"贫民窟的百万富翁 Slumdog Millionaire",8.5,390419,"丹尼・博伊尔/洛芙琳・坦丹","戴夫・帕特尔/沙鲁巴・舒克拉/亚尼・卡普","剧情/爱情","英国/美国",5628,2009-03-26,"进口分账"
702,"海绵宝宝 The SpongeBob Movie: Sponge Out of Water",7.2,20096,"保罗・提比特/迈克・米歇尔","安东尼奥・班德拉斯/艾瑞克・鲍扎/蒂姆・康威","喜剧/动画/冒险","美国",5615,2015-12-01,"进口分账"
703,"周恩来的四个昼夜",4.9,3113,"陈力","孙维民/何伟/储智博","剧情/历史","中国大陆",5598,2013-07-16,"国产"
704,"南极大冒险 Eight Below",8.6,49567,"弗兰克・马歇尔","保罗・沃克/布鲁斯・格林伍德/穆恩・布拉得古德","剧情/冒险","美国",5547,2006-04-21,"进口分账"
705,"海啸奇迹 Lo imposible",7.5,36718,"胡安・安东尼奥・巴亚纳","娜奥米・沃茨/伊万・麦克格雷格/汤姆・霍兰德","剧情/灾难/家庭","西班牙/美国",5509,2013-08-29,"进口"
706,"师父",8.1,144339,"徐浩峰","廖凡/宋佳/蒋雯丽","剧情/动作/武侠","中国大陆",5478,2015-12-10,"国产"
707,"魔发精灵 Trolls",7.2,12086,"迈克・米歇尔/沃尔特・道恩","安娜・肯德里克/贾斯汀・汀布莱克/佐伊・丹斯切尔","动画/奇幻/冒险/歌舞","美国",5474,2016-10-25,"进口特种"
708,"脱轨时代",6.1,14419,"五百","张静初/潘粤明/吴克群","喜剧/爱情","中国大陆",5470,2014-03-07,"国产"
709,"宫锁沉香",4.8,39836,"潘安子","周冬雨/陈晓/朱梓骁","剧情/爱情/古装","中国大陆",5459,2013-08-13,"国产"
710,"恋爱通告",5.9,99222,"王力宏","王力宏/刘亦菲/曾轶可","喜剧/爱情","台湾/中国大陆",5430,2010-08-12,"国产"
711,"巨人捕手杰克 Jack the Giant Slayer",6.1,29563,"布莱恩・辛格","尼古拉斯・霍尔特/埃莉诺・汤姆林森/伊万・麦克格雷格","剧情/奇幻/冒险","美国",5415,2013-03-25,"进口分账"
712,"过年好",5,13368,"高群书","赵本山/闫妮/热依扎","喜剧","中国大陆",5406,2016-02-01,"国产"
713,"快乐的大脚2 Happy Feet Two",7.2,21957,"乔治・米勒","伊利亚・伍德/罗宾・威廉姆斯/红粉佳人","喜剧/动画/歌舞/家庭","澳大利亚",5402,2012-02-21,"进口分账"
714,"刀剑神域：序列之争 霭 ソ`ドア`ト<U+30FB>オンライン -オ`ディナル<U+30FB>スケ`ル",7.1,11995,"伊藤智彦","松冈祯丞/户松遥/伊藤加奈惠","科幻/动画/冒险","日本",5382,2017-09-15,"进口"
715,"线人 人",7.3,94437,"林超贤","谢霆锋/张家辉/桂纶镁","动作/剧情/惊悚","香港/中国大陆",5374,2010-08-24,"国产"
716,"鲁滨逊漂流记 Robinson Crusoe",5.6,3183,"文森特・凯斯特鲁特/本・斯塔森","马提亚斯・施维赫夫/卡亚・叶娜尔/伊尔卡・贝桑","喜剧/动画/冒险","比利时/法国",5362,2016-10-04,"进口"
717,"恋爱中的城市",5.6,26453,"文牧野/董润年/韩轶/傅天余/冀佳彤","杨幂/郑开元/江疏影","爱情","中国大陆",5362,2015-08-19,"国产"
718,"快手枪手快枪手",5.1,15228,"潘安子","林更新/张静初/腾格尔","喜剧/动作","中国大陆",5354,2016-07-15,"国产"
719,"十全九美",5.1,86197,"王岳伦","立威廉/黄奕/刘桦","喜剧","中国",5300,2008-08-01,"国产"
720,"新天生一对",6.3,36682,"朱延平","周渝民/小小彬/陈嘉桦","剧情/喜剧/爱情/家庭","中国大陆/台湾",5275,2012-01-23,"国产"
721,"阿黛拉的非凡冒险 Les aventures extraordinaires d'Adèle Blanc-Sec",6.8,59100,"吕克・贝松","露易丝・布尔昆/马修・阿马立克/吉尔・勒卢什","喜剧/奇幻/冒险","法国",5231,2010-08-02,"进口"
722,"机器侠",5.3,30459,"刘镇伟","孙俪/方力申/胡军","动作/喜剧/爱情/科幻","中国大陆",5222,2009-08-18,"国产"
723,"神奇侠侣",5,38208,"谷德昭","古天乐/吴君如/李菁","喜剧","中国大陆/香港",5178,2011-02-03,"国产"
724,"黄金时代",7.1,97642,"许鞍华","汤唯/冯绍峰/王志文","剧情/传记/爱情","中国大陆/香港",5163,2014-10-01,"国产"
725,"在劫难逃 Abduction",5.7,14597,"约翰・辛格顿","泰勒・洛特纳/莉莉・柯林斯/阿尔弗雷德・莫里纳","剧情/动作/悬疑/惊悚","美国",5145,2012-07-27,"进口"
726,"小羊肖恩 Shaun the Sheep Movie",8.4,55820,"马克・伯顿/理查德・斯塔扎克","贾斯汀・弗莱彻/约翰・斯帕克斯/欧米德・吉亚李利","喜剧/动画/冒险","英国/法国",5133,2015-07-17,"进口"
727,"苏乞儿 K乞",4.7,41653,"袁和平","赵文卓/周迅/杨紫琼","动作/剧情/历史","中国大陆/香港",5128,2010-02-09,"国产"
728,"华尔街：金钱永不眠 Wall Street: Money Never Sleeps",6.4,39825,"奥利佛・斯通","迈克尔・道格拉斯/希亚・拉博夫/乔什・布洛林","剧情/犯罪","美国",5118,2010-10-15,"进口分账"
729,"太平轮(下)・彼岸",6.5,38923,"吴宇森","章子怡/金城武/宋慧乔","剧情/爱情/灾难","中国大陆/香港",5099,2015-07-30,"国产"
730,"巴啦啦小魔仙",3.5,6496,"李欣/叶凯","廖景萱/袁奇峰/王慧","儿童/奇幻/冒险","中国大陆",5098,2013-01-31,"国产"
731,"少年班",5.7,44352,"肖洋","孙红雷/周冬雨/董子健","剧情/喜剧","中国大陆",5068,2015-06-19,"国产"
732,"笔仙3",4.2,6790,"安兵基","江一燕/焦俊艳/王龙华","悬疑/惊悚","中国大陆",5060,2014-07-04,"国产"
733,"致命黑兰 Colombiana",6.9,36264,"奥利维尔・米加顿","佐伊・索尔达娜/迈克尔・瓦尔坦/马克斯・马蒂尼","剧情/动作/惊悚/犯罪","法国",5022,2013-06-07,"进口"
734,"既然青春留不住",4.5,13995,"田蒙","张翰/陈乔恩/王啸坤","喜剧/爱情","中国大陆",5016,2015-10-23,"国产"
735,"永无止境 Limitless",7.3,88957,"尼尔・博格","布莱德利・库珀/艾比・考尼什/罗伯特・德尼罗","科幻/悬疑/惊悚","美国",5018,2011-10-13,"进口"
736,"大闹天宫",6.7,5141,"万籁鸣/唐澄/速达/陈志宏","李扬/陈凯歌/陈道明","动画","中国大陆",4999,2012-01-11,"国产"
737,"火鸡总动员 Free Birds",6,7089,"吉米・海沃德","欧文・威尔逊/伍迪・哈里森/艾米・波勒","喜剧/动画/冒险","美国",4993,2014-03-07,"进口"
738,"模仿游戏 The Imitation Game",8.5,242848,"莫滕・泰杜姆","本尼迪克特・康伯巴奇/凯拉・奈特莉/马修・古迪","剧情/传记/战争/同性","英国/美国",4983,2015-07-21,"进口"
739,"杜拉拉追婚记",5.3,31464,"安竹间","周渝民/林依晨/陈柏霖","喜剧/爱情","中国大陆",4960,2015-12-04,"国产"
740,"背水一战 The Last Stand",6.8,30017,"金知云","阿诺・施瓦辛格/罗德里戈・桑托罗/杰米・亚历山大","喜剧/动作/犯罪","美国",4962,2013-10-24,"进口分账"
741,"暗杀 <U+C554><U+C0B4>",8,107770,"崔东勋","全智贤/李政宰/河正宇","剧情/动作/历史/犯罪","韩国",4946,2015-09-17,"进口"
742,"龙虎门",5.7,46817,"叶伟信","甄子丹/谢霆锋/余文乐","动作/剧情","中国大陆/香港",4900,2006-07-28,"国产"
743,"麦兜・当当伴我心 兜<U+2027>伴我心",8.4,76366,"谢立文","黄秋生/吴君如/胡歌","喜剧/动画","中国大陆/香港",4897,NA,"国产"
744,"大武生",5.2,39293,"高晓松","吴尊/韩庚/徐熙媛","剧情/动作/爱情","中国大陆",4835,2011-09-09,"国产"
745,"寄生兽 寄生",7.4,73546,"山崎贵","染谷将太/深津绘里/阿部隆史","剧情/动作/科幻/恐怖","日本",4832,2016-09-02,"进口"
746,"森林战士 Epic",7.3,19235,"克里斯・韦奇","阿曼达・塞弗里德/乔什・哈切森/碧昂丝・诺尔斯","动画/奇幻/冒险","美国",4830,2013-11-29,"进口特种"
747,"潜艇总动员4：章鱼奇遇记",4,693,"何子力","蒋可/王晓彤/李晔","喜剧/动画/冒险","中国大陆",4828,2014-05-30,"国产"
748,"功夫梦 The Karate Kid",6.3,61115,"哈罗德・兹瓦特","贾登・史密斯/成龙/塔拉吉・P・汉森","动作/剧情/家庭/运动","美国/中国大陆",4817,2010-06-22,"国产"
749,"大追捕",7,42753,"周显扬","张家辉/任达华/王敏德","剧情/动作/犯罪/悬疑/惊悚","香港/中国大陆",4814,2012-03-15,"国产"
750,"洛克王国3：圣龙的守护",4.9,3928,"龚宾四","杨莹/阎萌萌/皇贞季","动画/奇幻/冒险","中国大陆",4782,2014-07-11,"国产"
751,"地球：神奇的一天 Earth: One Amazing Day",8.2,8773,"理查德・戴尔/彼得・韦柏/范立欣","成龙/罗伯特・雷德福","纪录片","中国大陆/英国",4777,2017-08-11,"国产"
752,"奔爱",3.7,16913,"张一白/管虎/张猛/滕华涛/高群书","章子怡/彭于晏/佟丽娅","剧情/爱情","中国大陆",4752,2016-02-14,"国产"
753,"华丽上班族 A上班族",6,38618,"杜琪峰","周润发/张艾嘉/陈奕迅","剧情/喜剧/爱情/歌舞","香港/中国大陆",4742,2015-09-02,"国产"
754,"盟军夺宝队 The Monuments Men",5.5,17337,"乔治・克鲁尼","乔治・克鲁尼/马特・达蒙/比尔・默瑞","剧情/传记/历史/战争","美国/德国",4719,2014-03-28,"进口分账"
755,"决战刹马镇",6,43297,"李蔚然","孙红雷/林志玲/李立群","喜剧/西部/冒险","中国大陆",4707,2010-06-22,"国产"
756,"屠魔战士 I, Frankenstein",5.2,15992,"斯图尔特・贝亚蒂耶","艾伦・艾克哈特/伊冯娜・斯特拉霍夫斯基/米兰达・奥图","动作/科幻/奇幻/惊悚","美国/澳大利亚",4703,2015-05-26,"进口"
757,"坏蛋必须死",6,27435,"孙皓","陈柏霖/孙艺珍/乔振宇","喜剧/动作/犯罪/悬疑","中国大陆/香港/韩国",4694,2015-11-27,"国产"
758,"熊猫总动员",3.5,994,"GregManwaring/MichaelSchoemann","何炅/谢娜/李维嘉","儿童/动画/家庭","中国大陆/德国/法国/西班牙/比利时",4661,2011-02-03,"国产"
759,"美少女特攻队 Sucker Punch",6.1,45510,"扎克・施奈德","艾米莉・布朗宁/杰米・钟/吉娜・马隆","动作/奇幻/惊悚","美国",4651,2011-04-15,"进口分账"
760,"谍海风云 Shanghai",5.8,17148,"米凯尔・哈弗斯特罗姆","约翰・库萨克/巩俐/周润发","剧情/爱情/悬疑/惊悚","美国/中国大陆/泰国",4649,2010-06-17,"国产"
761,"阿童木 Astro Boy",6.8,38888,"大卫・博维斯","弗莱迪・海默/克里斯汀・贝尔/尼古拉斯・凯奇","动画/动作/家庭/科幻","香港/美国/日本",4623,2009-10-23,"国产"
762,"神奇",3.2,11817,"胡雪桦","黄晓明/郭采洁/金雅中","剧情/爱情/运动","中国大陆",4620,2013-09-30,"国产"
763,"就是这样 This Is It",8.7,76035,"肯尼・奥特加","迈克尔・杰克逊/AlexAl/NickBass","纪录片/音乐","美国",4619,2009-10-28,"进口分账"
764,"猪猪侠之英雄猪少年",4.8,935,"陆锦明/钟裕","易烊千玺/陈轶/张子琨","喜剧/动画/奇幻","中国大陆",4598,2017-01-07,"国产"
765,"魔法总动员 The House of Magic",6.6,2483,"杰里米・德格鲁森/本・斯塔森","辛达・亚当斯/乔治・巴比特/默里・布卢","喜剧/动画/冒险","比利时",4586,2015-04-04,"进口"
766,"猪猪侠之终极决战",3.9,1203,"陆锦明/陆锦辉","陆双/陈志荣/祖晴","喜剧/动画/冒险","中国大陆",4549,2015-07-10,"国产"
767,"罗宾汉 Robin Hood",6.7,20686,"雷德利・斯科特","罗素・克劳/凯特・布兰切特/威廉・赫特","动作/冒险/剧情","美国/英国",4532,2010-06-11,"进口分账"
768,"铠甲勇士之雅塔莱斯",5,497,"郑国伟","许峰/曹曦月/曾祥程","剧情/动作/科幻","中国大陆",4530,2014-10-01,"国产"
769,"保持通话",6.7,105945,"陈木胜","古天乐/徐熙媛/张家辉","动作","香港/中国大陆",4500,2008-09-27,"国产"
770,"暴疯语",5.9,29865,"李光耀","刘青云/黄晓明/方中信","悬疑/惊悚","中国大陆/香港",4491,2015-04-03,"国产"
771,"喵星人",4.5,4588,"陈木胜","古天乐/马丽/刘楚恬","儿童/喜剧/奇幻","香港",4460,2017-07-14,"国产"
772,"闪电狗 Bolt",7.3,74224,"拜伦・霍华德/ChrisWilliams","约翰・特拉沃尔塔/麦莉・赛勒斯/SusieEssman","动画/冒险/喜剧/家庭","美国",4460,2008-12-28,"进口特种"
773,"声之形 の形",6.9,34780,"山田尚子","入野自由/早见沙织/松冈茉优","剧情/爱情/动画","日本",4450,2017-09-08,"进口"
774,"王者之剑 Conan the Barbarian",5.3,9007,"马库斯・尼斯佩尔","杰森・莫玛/朗・普尔曼/罗丝・麦高恩","动作/奇幻/冒险","美国",4442,2012-02-26,"进口"
775,"劫案迷云 Stolen",6,19042,"西蒙・韦斯特","尼古拉斯・凯奇/玛琳・阿克曼/乔什・卢卡斯","剧情/动作/惊悚/犯罪","美国",4426,2013-03-01,"进口"
776,"HOLD住爱",3.4,17287,"张琦","杨幂/刘恺威/周秀娜","喜剧/爱情/悬疑","中国大陆",4424,2012-08-23,"国产"
777,"白雪公主之魔镜魔镜 Mirror Mirror",5.9,44463,"塔西姆・辛","朱莉娅・罗伯茨/莉莉・柯林斯/艾米・汉莫","剧情/喜剧/奇幻/冒险","美国",4419,2012-06-01,"进口"
778,"潜艇总动员5：时光宝盒",4.2,324,"何子力","范楚绒/洪海天/谢元真","动画/冒险","中国大陆",4410,2017-05-28,"国产"
779,"我们的十年",4.9,8618,"马伟豪/刘海","赵丽颖/乔任梁/吴映洁","剧情/爱情","中国大陆",4404,2016-09-02,"国产"
780,"赛尔号大电影之寻找凤凰神兽",3.2,1685,"刘虹","张杰/武艺/曾轶可","动画/奇幻/冒险","中国大陆",4404,2011-07-28,"国产"
781,"麦兜我和我妈妈 兜<U+2027>我和我",8.3,39991,"谢立文/李俊民","黄磊/吴君如/张正中","喜剧/动画/家庭","香港/中国大陆",4404,2014-10-01,"国产"
782,"饭局也疯狂",4.9,28785,"尚敬","范伟/黄渤/刘桦","剧情/喜剧","中国大陆",4396,2012-01-23,"国产"
783,"魔弦传说 Kubo and the Two Strings",7.4,50151,"特拉维斯・奈特","查理兹・塞隆/马修・麦康纳/拉尔夫・费因斯","动画/奇幻/冒险","美国",4393,2016-01-13,"进口"
784,"昆塔：反转星球",6.4,799,"李炼","李正翔/洪海天/陶典","动画","中国大陆",4382,2017-10-01,"国产"
785,"控制",5.7,19295,"毕国智","吴彦祖/姚晨/任达华","动作/科幻/犯罪/悬疑","香港/中国大陆",4378,2013-11-22,"国产"
786,"倾城之泪",4.8,47666,"黄真真","周冬雨/李治廷/任贤齐","剧情/爱情","中国大陆",4376,2011-12-22,"国产"
787,"猪猪侠之勇闯巨人岛",3.7,1688,"古志斌/陆锦明","陆双/祖晴/陈志荣","喜剧/动画/冒险","中国大陆",4365,2014-05-31,"国产"
788,"绣花鞋",4.5,12670,"叶伟民","林心如/莫小棋/叶熙祺","剧情/恐怖","中国大陆",4339,2012-03-31,"国产"
789,"冰河追凶",5.7,15442,"徐伟","梁家辉/佟大为/周冬雨","动作/犯罪/悬疑","中国大陆",4320,2016-04-15,"国产"
790,"江山美人",4.5,17849,"程小东","黎明/陈慧琳/甄子丹","动作/剧情/爱情/战争","中国/香港",4300,2008-03-07,"国产"
791,"十月初五的月光",5.4,13681,"叶念琛","张智霖/陈乔恩/佘诗曼","剧情/爱情","中国大陆/香港",4261,2015-11-20,"国产"
792,"大耳朵图图之美食狂想曲",5.6,1141,"速达","潘延/范楚绒/胡谦","喜剧/动画/冒险","中国大陆",4247,2017-07-28,"国产"
793,"新大头儿子和小头爸爸之秘密计划",4.3,1111,"何澄","刘纯燕/董浩/鞠萍","儿童/动画/家庭","中国大陆",4246,2014-09-26,"国产"
794,"冰雪大作战 Snowtime!",6.1,1835,"让-弗朗索瓦・波略特/弗兰克・布里森","安吉拉・嘉鲁皮/玛丽欧・沃尔夫/露辛达・戴维斯","喜剧/动画/家庭","加拿大",4215,2017-04-01,"进口"
795,"乐高蝙蝠侠大电影 The LEGO Batman Movie",8,31064,"克里斯・麦凯","威尔・阿奈特/罗莎里奥・道森/拉尔夫・费因斯","喜剧/动作/动画/冒险","美国",4211,2017-03-03,"进口分账"
796,"真相禁区",4.5,6109,"麦咏麟","任达华/霍建华/张赫","犯罪/悬疑","中国大陆",4205,2016-01-22,"国产"
797,"宅女侦探桂香",4.1,19364,"彭顺","王珞丹/周渝民/任达华","喜剧/爱情/悬疑","中国大陆/香港/台湾",4127,2015-08-13,"国产"
798,"气喘吁吁",4,15936,"郑重","葛优/约翰・萨维奇/林熙蕾","喜剧/剧情","中国",4111,2009-08-28,"国产"
799,"家有喜事2009",5.4,42988,"谷德昭","古天乐/吴君如/黄百鸣","喜剧","香港",4105,2009-01-22,"国产"
800,"李雷和韩梅梅",3.4,15049,"杨永春","张子枫/张逸杰/成梓宁","剧情/喜剧/爱情","中国大陆",4057,2016-06-09,"国产"
801,"了不起的菲丽西 Ballerina",6.5,8999,"艾瑞克・莎莫/艾瑞克・韦林","艾丽・范宁/戴恩・德哈恩/卡莉・蕾・杰普森","喜剧/动画/冒险/歌舞","法国/加拿大",4031,2017-02-01,"进口"
802,"奥林匹斯的陷落 Olympus Has Fallen",6.3,45987,"安东尼・福奎阿","杰拉德・巴特勒/艾伦・艾克哈特/芬利・雅克布森","动作","美国",4025,2013-12-29,"进口"
803,"毒。诫 毒。]",4.8,10594,"刘国昌","刘青云/林家栋/古天乐","剧情/动作/犯罪","中国大陆/香港",4017,2017-05-12,"国产"
804,"三个火枪手 The Three Musketeers",6.7,44266,"保罗・安德森","马修・麦克费登/米拉・乔沃维奇/卢克・伊万斯","动作/冒险/爱情","法国/美国/英国/德国",3986,2012-05-15,"进口"
805,"摇滚藏獒",6.8,5819,"艾什・布兰农","郭麒麟/路知行/郭德纲","动画/音乐","中国大陆/美国/香港",3968,2016-07-08,"国产"
806,"将错就错",3.8,8212,"王宁","小沈阳/田亮/陈小春","喜剧/爱情","中国大陆",3954,2015-03-05,"国产"
807,"斑马总动员 Khumba",5.7,1082,"安东尼・希尔瓦斯顿","杰克・T・奥斯汀/史蒂夫・布西密/洛雷塔・迪瓦恩","动画/冒险/家庭","南非",3939,2014-12-31,"进口"
808,"辛巴达历险记2013",4.8,412,"程炳峰/顾培欣/Benpineko","杨鸥/黄莺/杨梦露","动画/冒险","中国大陆",3912,2013-05-31,"国产"
809,"水啸雾都 Flood",5.4,8034,"托尼・米歇尔","罗伯特・卡莱尔/杰萨琳・吉尔西格/汤姆・康特奈","动作/灾难","英国/南非/加拿大",3900,2008-09-14,"进口分账"
810,"雪花秘扇 Snow Flower and the Secret Fan",5.6,57973,"王颖","李冰冰/全智贤/姜武","剧情/历史","中国大陆/美国",3899,2011-06-24,"国产"
811,"杨门女将之军令如山",3.4,18750,"陈勋奇","张柏芝/任贤齐/刘晓庆","剧情/动作/古装","中国大陆/香港",3897,2011-11-18,"国产"
812,"钢铁飞龙之再见奥特曼",3,2703,"王巍","侯勇/大张伟/金晨","动作/科幻/动画","中国大陆",3881,2017-10-01,"国产"
813,"72家租客",6.7,64118,"曾志伟/叶念琛/钟澍佳","张学友/曾志伟/袁咏仪","喜剧","香港",3863,2010-02-11,"国产"
814,"美丽密令",5.4,39649,"王晶","蔡卓妍/吴君如/陆毅","喜剧","香港/中国大陆",3835,2010-03-30,"国产"
815,"巴啦啦小魔仙之魔箭公主",4.6,776,"陈诚","赵粤/戴萌/赵今麦","奇幻/冒险","中国大陆",3831,2015-10-01,"国产"
816,"大武当之天地密码",3.8,22520,"梁柏坚","赵文卓/杨幂/樊少皇","喜剧/动作/冒险","中国大陆/香港",3807,2012-07-06,"国产"
817,"神奇海盗团 The Pirates! In an Adventure with Scientists!",6.9,9516,"彼得・洛伊德/杰夫・纽威特","休・格兰特/萨尔玛・海耶克/大卫・田纳特","喜剧/动画/家庭/冒险","英国/美国",3800,2012-06-01,"进口"
818,"圣斗士星矢：圣域传说 }L士星矢 Legend of Sanctuary",6.3,15699,"佐藤敬一","石川界人/赤羽根健治/小野贤章","动画","日本",3785,2016-02-26,"进口"
819,"魔侠传之唐吉可德",4.3,6121,"阿甘","郭涛/林嘉欣/王刚","剧情/喜剧/动作/爱情/武侠/古装","中国大陆",3775,2010-10-15,"国产"
820,"垫底辣妹 ビリギャル",8.1,144594,"土井裕泰","有村架纯/伊藤淳史/吉田羊","剧情/家庭","日本",3758,2016-04-14,"进口"
821,"我最好朋友的婚礼",4.3,16735,"陈飞宏","舒淇/冯绍峰/宋茜","喜剧/爱情","中国大陆/美国",3744,2016-08-05,"国产"
822,"人在逋",7.4,288843,"叶伟民","徐峥/王宝强/李曼","喜剧","中国大陆",3739,2010-06-04,"国产"
823,"神探驾到 浮A宴",4.4,10923,"黄百鸣/邱礼涛","古天乐/张翰/曾志伟","喜剧/爱情/悬疑/奇幻","香港/中国大陆",3732,2015-02-06,"国产"
824,"甜蜜杀机 甜蜜C",6,12379,"连奕琦","苏有朋/林依晨/吴中天","喜剧/爱情/犯罪","台湾",3723,2014-03-07,"进口"
825,"坚不可摧 Unbroken",6.8,20025,"安吉丽娜・朱莉","杰克・奥康奈尔/多姆纳尔・格里森/加内特・赫德兰","剧情/传记/战争/运动","美国",3695,2015-01-30,"进口分账"
826,"绝命航班 Last Flight",3.4,13603,"周文武贝","爱德・维斯特维克/朱珠/艾米丽・桑斯芮","动作/惊悚/灾难","美国/中国大陆",3679,2014-03-21,"国产"
827,"女巫季节 Season of the Witch",5.5,45441,"多米尼克・塞纳","尼古拉斯・凯奇/朗・普尔曼/斯蒂芬・坎贝尔・莫尔","动作/奇幻/冒险","美国",3674,2011-08-19,"进口"
828,"驱魔者 Priest",5.9,17699,"斯科特・查尔斯・斯图瓦特","保罗・贝坦尼/凯姆・吉甘戴/李美琪","动作/科幻/惊悚/恐怖","美国",3672,2011-11-29,"进口"
829,"不能说的秘密 不能f的・z密",7.6,246601,"周杰伦","周杰伦/桂纶镁/黄秋生","剧情/奇幻/音乐/爱情","香港/台湾",3670,2007-07-31,"国产"
830,"有完没完",5.4,12136,"王啸坤","范伟/贾静雯/刘俊昊","剧情/喜剧","中国大陆",3670,2017-04-01,"国产"
831,"人狼大战 The Grey",6.5,22343,"乔・卡纳汉","连姆・尼森/达拉斯・罗伯特斯/弗兰克・格里罗","剧情/动作/惊悚/冒险","美国",3668,2012-05-18,"进口"
832,"那件疯狂的小事叫爱情",3.9,9949,"邹","陈伟霆/唐艺昕/郑秀妍","喜剧/爱情","中国大陆",3657,2016-08-12,"国产"
833,"史努比：花生大电影 The Peanuts Movie",7.3,10377,"史蒂夫・马蒂诺","诺亚・施纳普/比尔・莫伦茨/弗朗西斯卡・卡帕尔迪","喜剧/动画/冒险","美国",3648,2015-11-06,"进口分账"
834,"天亮之前",5.6,13323,"吴中天","郭富城/杨子姗/郝蕾","爱情","中国大陆/香港/台湾",3635,2016-07-22,"国产"
835,"抢劫坚果店 The Nut Job",6.2,7941,"彼得・莱佩尼奥蒂斯","威尔・阿奈特/布兰登・费舍/连姆・尼森","喜剧/动画/冒险","加拿大/韩国/美国",3629,2014-12-26,"进口"
836,"冲天火",3.6,8932,"林岭东","吴彦祖/张若昀/张静初","动作/悬疑","中国大陆",3614,2016-11-25,"国产"
837,"我的战争",4.9,18080,"彭顺","刘烨/王珞丹/杨v宁","剧情/历史/战争","中国大陆",3605,2016-09-15,"国产"
838,"云水谣",6.9,86333,"尹力","陈坤/徐若u/李冰冰","剧情/爱情/战争","中国大陆/台湾",3600,2006-12-01,"国产"
839,"第一次",6.2,52797,"韩延","杨颖/赵又廷/江珊","爱情","中国大陆",3583,2012-06-08,"国产"
840,"幻体：续命游戏 Self/less",6.3,23493,"塔西姆・辛","瑞恩・雷诺兹/本・金斯利/马修・古迪","科幻/悬疑/惊悚","美国",3561,2016-05-12,"进口"
841,"笔仙惊魂3",3.2,3400,"关尔","余心恬/郭艳/郭鑫","悬疑/惊悚/恐怖","中国大陆",3541,2014-04-04,"国产"
842,"末日迷踪 Left Behind",4.2,7454,"维克・阿姆斯特朗","尼古拉斯・凯奇/查德・迈克尔・墨瑞/卡西・汤普森","动作/科幻/惊悚","美国/加拿大",3539,2016-02-26,"进口"
843,"通灵神探 Solace",6.3,21959,"阿方索・博亚尔特","安东尼・霍普金斯/科林・法瑞尔/杰弗里・迪恩・摩根","科幻/犯罪/悬疑/惊悚","美国",3536,2016-01-14,"进口"
844,"冰雪女皇之冬日魔咒 Снежная королева 2: Перезаморозка",4.8,756,"阿列克谢・特斯蒂斯林","伊莎贝拉・弗尔曼/沙尔托・科普雷/肖恩・宾","动画/家庭","俄罗斯",3534,2016-12-31,"进口"
845,"蒸发太平洋 Lost in the Pacific",3.7,7330,"周文武贝","布兰登・罗斯/张雨绮/王盛德","剧情/科幻/冒险","中国大陆/美国",3508,2016-01-29,"国产"
846,"开心超人",7.1,1773,"黄伟明","邓玉婷/祖晴/高全胜","动画/冒险","中国大陆",3505,2013-06-28,"国产"
847,"爱情呼叫转移Ⅱ：爱情左右",5.2,73099,"张建亚","林嘉欣/邓超/黄渤","喜剧/爱情","中国",3500,2008-11-26,"国产"
848,"龙骑士 Eragon",5.6,17281,"斯蒂芬・范米尔","爱德华・斯皮伊尔斯/杰瑞米・艾恩斯/西耶娜・盖尔利","动作/冒险/家庭/奇幻","美国/英国/匈牙利",3500,2007-04-05,"进口分账"
849,"忍者神龟 TMNT",6.3,21226,"KevinMunroe","诺兰・诺斯/詹姆斯・阿诺德・泰勒/米歇尔・维特菲尔德","动画/动作/冒险/喜剧/剧情/家庭/奇幻","香港/美国",3500,2007-05-18,"进口分账"
850,"太空一号 Lockout",6.1,23880,"詹姆斯・马瑟/斯蒂芬・圣・莱杰","盖・皮尔斯/玛姬・格蕾斯/彼得・斯特曼","动作/科幻/惊悚","美国/法国",3479,2012-08-07,"进口"
851,"史前怪兽 Legendary",3,3833,"埃里克・斯泰尔斯","杜夫・龙格尔/斯科特・阿金斯/黄奕","动作/惊悚/冒险","英国/中国大陆",3477,2013-12-31,"国产"
852,"那年夏天你去了哪里",4.8,13403,"周隼","宋佳/林家栋/颜卓灵","悬疑","中国大陆/香港",3467,2016-12-30,"国产"
853,"年兽大作战",5.7,2273,"张扬","雷佳音/周冬雨/陈赫","喜剧/动画/奇幻","中国大陆",3452,2016-02-08,"国产"
854,"我的新野蛮女友 <U+C5FD><U+AE30><U+C801><U+C778> <U+ADF8><U+B140> 2",3.3,10917,"赵根植","宋茜/车太贤/藤井美菜","喜剧/爱情","韩国/中国大陆",3419,2016-04-22,"国产"
855,"夜孔雀",4.6,22836,"戴思杰","刘亦菲/刘烨/余少群","剧情/爱情","中国大陆/法国",3315,2016-05-20,"国产"
856,"黑白迷宫",4.7,3765,"阚家伟","任达华/陈小春/伍允龙","剧情/动作/犯罪","中国大陆/香港",3312,2017-08-31,"国产"
857,"全城通缉",4.5,13106,"汪涛","刘烨/赵文卓/秋瓷炫","剧情/悬疑","中国大陆",3305,2014-11-06,"国产"
858,"大唐玄奘",5.2,17164,"霍建起","黄晓明/徐峥/蒲巴甲","历史","中国大陆",3303,2016-04-29,"国产"
859,"天河",4.4,1731,"宁海强/沈东","李幼斌/俞飞鸿/段奕宏","剧情","中国大陆",3280,2014-11-15,"国产"
860,"重返・狼群",8.1,7404,"亦风","李微漪","纪录片","中国大陆",3285,2017-06-16,"国产"
861,"勇士",5.5,2920,"宁海强","李东学/于小伟/聂远","动作/历史/战争","中国大陆",3270,2016-10-14,"国产"
862,"麻烦家族",4.6,10180,"黄磊","黄磊/海清/王迅","剧情/喜剧/家庭","中国大陆",3228,2017-05-11,"国产"
863,"山河故人",7.8,114104,"贾樟柯","赵涛/张译/梁景东","剧情/家庭","中国大陆/法国/日本",3220,2015-10-30,"国产"
864,"寻龙夺宝 The Dragon Pearl",3.7,4548,"马里奥・安德鲁西奥","山姆・尼尔/陈小春/王姬","动作/奇幻/冒险/家庭","澳大利亚",3212,2011-03-11,"国产"
865,"新步步惊心",4.1,17772,"宋迪","陈意涵/窦骁/杨v宁","爱情/奇幻/古装","中国大陆",3211,2015-08-07,"国产"
866,"王牌",4.6,7535,"范建浍","林志玲/梁家辉/钟欣潼","剧情/悬疑","中国大陆",3216,2014-12-31,"国产"
867,"蜂鸟特攻 Hummingbird",6.2,24314,"斯蒂文・奈特","杰森・斯坦森/阿加塔・布泽克/薇琪・麦克卢尔","剧情/动作/犯罪/惊悚","英国/美国",3190,2014-05-09,"进口"
868,"玩命追踪 Blitz",6.1,18837,"艾略特・莱斯特","杰森・斯坦森/帕迪・康斯戴恩/艾丹・吉伦","动作/犯罪/惊悚","英国/法国/美国",3156,2012-03-16,"进口"
869,"玩偶奇兵",5.1,485,"申宇/黄燕","严丽祯/李晔/王衡","动画/奇幻/冒险","中国大陆",3121,2017-08-04,"国产"
870,"赛尔号大电影2之雷伊与迈尔斯",4,623,"王章俊/付杰","武艺/张杰/曾轶可","动画/奇幻/冒险","中国大陆",3117,2012-06-28,"国产"
871,"名侦探柯南：纯黑的恶梦 名探丧偿圣 \の",6.2,32169,"静野孔文","高山南/山崎和佳奈/小山力也","动画/悬疑","日本",3112,2016-11-25,"进口"
872,"火海凌云 Экипаж",7.7,14760,"尼古拉・列别捷夫","丹尼拉・科兹洛夫斯基/弗拉基米尔・马什科夫/阿格尼・格鲁迪特","剧情/动作/冒险/灾难","俄罗斯",3078,2016-08-19,"进口分账"
873,"阿唐奇遇",7.1,3588,"王微","石磊/原泽宇/季冠霖","动画/奇幻/冒险","中国大陆",3038,2017-07-21,"国产"
874,"青禾男高",4,9083,"蒋卓原","景甜/欧豪/黑木美沙","剧情","中国大陆/台湾",3031,2017-07-12,"国产"
875,"间谍同盟 Allied",7,33351,"罗伯特・泽米吉斯","布拉德・皮特/玛丽昂・歌迪亚/马修・古迪","剧情/动作/爱情/战争","美国/英国",3030,2016-11-30,"进口分账"
876,"刑警兄弟 神F巴打",5.1,4939,"戚家基","黄宗泽/金刚/曾志伟","喜剧/动作","香港/中国大陆",3024,2016-04-22,"国产"
877,"夜莺 Le Promeneur d'Oiseau",6.4,5995,"费利普・弥勒","李保田/杨心仪/李小冉","剧情/家庭","中国大陆/法国",3022,2014-10-31,"国产"
878,"土豪520",3.7,3533,"林爱华","吴镇宇/姚星彤/马天宇","喜剧/爱情","中国大陆",3013,2015-05-21,"国产"
879,"北京时间",5.2,461,"安战军","陈乔恩/李保田/马元","剧情/爱情","中国大陆",3009,2015-12-11,"国产"
880,"天才枪手 <U+0E09><U+0E25><U+0E32><U+0E14><U+0E40><U+0E01><U+0E21><U+0E2A><U+0E4C><U+0E42><U+0E01><U+0E07>",8.4,69716,"纳塔吾・彭皮里亚","茱蒂蒙・琼查容苏因/查侬・散顶腾古/依莎亚・贺苏汪","剧情/犯罪/悬疑","泰国",NA,NA,"NA"
